Entity,Code,Year,Green coffee - Production (tonnes)
Africa,OWID_AFR,1961,870970
Africa,OWID_AFR,1962,883512
Africa,OWID_AFR,1963,996674
Africa,OWID_AFR,1964,1162048
Africa,OWID_AFR,1965,1075084
Africa,OWID_AFR,1966,1199529
Africa,OWID_AFR,1967,1085561
Africa,OWID_AFR,1968,1183868
Africa,OWID_AFR,1969,1253504
Africa,OWID_AFR,1970,1295001
Africa,OWID_AFR,1971,1266294
Africa,OWID_AFR,1972,1296274
Africa,OWID_AFR,1973,1379422
Africa,OWID_AFR,1974,1266734
Africa,OWID_AFR,1975,1312580
Africa,OWID_AFR,1976,1165512
Africa,OWID_AFR,1977,1235352
Africa,OWID_AFR,1978,1063658
Africa,OWID_AFR,1979,1110744
Africa,OWID_AFR,1980,1163648
Africa,OWID_AFR,1981,1293046
Africa,OWID_AFR,1982,1206872
Africa,OWID_AFR,1983,1113475
Africa,OWID_AFR,1984,1036465
Africa,OWID_AFR,1985,1181857
Africa,OWID_AFR,1986,1274895
Africa,OWID_AFR,1987,1235947
Africa,OWID_AFR,1988,1218793
Africa,OWID_AFR,1989,1256511
Africa,OWID_AFR,1990,1254209
Africa,OWID_AFR,1991,1192323
Africa,OWID_AFR,1992,1156200
Africa,OWID_AFR,1993,991822.56
Africa,OWID_AFR,1994,1058407.9
Africa,OWID_AFR,1995,1127035.5
Africa,OWID_AFR,1996,1254436.2
Africa,OWID_AFR,1997,1176346.1
Africa,OWID_AFR,1998,1219222.2
Africa,OWID_AFR,1999,1254014.8
Africa,OWID_AFR,2000,1277578.2
Africa,OWID_AFR,2001,1121398.8
Africa,OWID_AFR,2002,1097192.8
Africa,OWID_AFR,2003,811628.4
Africa,OWID_AFR,2004,1064072.8
Africa,OWID_AFR,2005,986411.9
Africa,OWID_AFR,2006,1061882.8
Africa,OWID_AFR,2007,998151.2
Africa,OWID_AFR,2008,1079877.6
Africa,OWID_AFR,2009,1002789.75
Africa,OWID_AFR,2010,1086196.2
Africa,OWID_AFR,2011,1053917.8
Africa,OWID_AFR,2012,1150397
Africa,OWID_AFR,2013,1105640.9
Africa,OWID_AFR,2014,1154436
Africa,OWID_AFR,2015,1381548.5
Africa,OWID_AFR,2016,1402423.5
Africa,OWID_AFR,2017,1451777.6
Africa,OWID_AFR,2018,1660516.1
Africa,OWID_AFR,2019,1813980.1
Africa,OWID_AFR,2020,1883187.6
Africa,OWID_AFR,2021,1966350.6
Africa,OWID_AFR,2022,2065840.8
Africa,OWID_AFR,2023,1943557.1
Africa,OWID_AFR,2024,1909981.6
Asia,OWID_ASI,1961,200714
Asia,OWID_ASI,1962,219396
Asia,OWID_ASI,1963,256183
Asia,OWID_ASI,1964,259422
Asia,OWID_ASI,1965,274510
Asia,OWID_ASI,1966,281472
Asia,OWID_ASI,1967,318436
Asia,OWID_ASI,1968,292682
Asia,OWID_ASI,1969,331704
Asia,OWID_ASI,1970,334964
Asia,OWID_ASI,1971,379074
Asia,OWID_ASI,1972,336959
Asia,OWID_ASI,1973,331692
Asia,OWID_ASI,1974,331901
Asia,OWID_ASI,1975,397476
Asia,OWID_ASI,1976,410280
Asia,OWID_ASI,1977,451855
Asia,OWID_ASI,1978,518792
Asia,OWID_ASI,1979,550496
Asia,OWID_ASI,1980,632728
Asia,OWID_ASI,1981,645359
Asia,OWID_ASI,1982,678251
Asia,OWID_ASI,1983,659572
Asia,OWID_ASI,1984,611961
Asia,OWID_ASI,1985,728453
Asia,OWID_ASI,1986,723857
Asia,OWID_ASI,1987,819779
Asia,OWID_ASI,1988,781885
Asia,OWID_ASI,1989,915561
Asia,OWID_ASI,1990,863875
Asia,OWID_ASI,1991,913066.25
Asia,OWID_ASI,1992,988734
Asia,OWID_ASI,1993,982946.06
Asia,OWID_ASI,1994,1093630
Asia,OWID_ASI,1995,1124934
Asia,OWID_ASI,1996,1225733
Asia,OWID_ASI,1997,1325602
Asia,OWID_ASI,1998,1421774
Asia,OWID_ASI,1999,1599114
Asia,OWID_ASI,2000,1949181
Asia,OWID_ASI,2001,2029551
Asia,OWID_ASI,2002,1972317.1
Asia,OWID_ASI,2003,2020006
Asia,OWID_ASI,2004,2116732
Asia,OWID_ASI,2005,2036915.6
Asia,OWID_ASI,2006,2219260
Asia,OWID_ASI,2007,2494485
Asia,OWID_ASI,2008,2304398
Asia,OWID_ASI,2009,2330024.5
Asia,OWID_ASI,2010,2379412.2
Asia,OWID_ASI,2011,2521749.8
Asia,OWID_ASI,2012,2623674
Asia,OWID_ASI,2013,2699674
Asia,OWID_ASI,2014,2759619.5
Asia,OWID_ASI,2015,2813389.5
Asia,OWID_ASI,2016,2844287.2
Asia,OWID_ASI,2017,2971828.8
Asia,OWID_ASI,2018,3089587.8
Asia,OWID_ASI,2019,3182731.5
Asia,OWID_ASI,2020,3231200.8
Asia,OWID_ASI,2021,3392001.2
Asia,OWID_ASI,2022,3493100.8
Asia,OWID_ASI,2023,3498487.5
Asia,OWID_ASI,2024,3610914.5
Europe,OWID_EUR,1961,5
Europe,OWID_EUR,1962,5
Europe,OWID_EUR,1963,5
Europe,OWID_EUR,1964,5
Europe,OWID_EUR,1965,6
Europe,OWID_EUR,1966,8
Europe,OWID_EUR,1967,8
Europe,OWID_EUR,1968,8
Europe,OWID_EUR,1969,7
Europe,OWID_EUR,1970,8
Europe,OWID_EUR,1971,6
Europe,OWID_EUR,1972,0
Europe,OWID_EUR,1973,6
Europe,OWID_EUR,1974,6
Europe,OWID_EUR,1975,8
Europe,OWID_EUR,1976,8
Europe,OWID_EUR,1977,8
Europe,OWID_EUR,1978,9
Europe,OWID_EUR,1979,9
Europe,OWID_EUR,1980,9
Europe,OWID_EUR,1981,4
Europe,OWID_EUR,1982,0
Europe,OWID_EUR,1983,0
Europe,OWID_EUR,1984,0
Europe,OWID_EUR,1985,0
Europe,OWID_EUR,1986,0
Europe,OWID_EUR,1987,11
Europe,OWID_EUR,1988,13
Europe,OWID_EUR,1989,14
Europe,OWID_EUR,1990,9
Europe,OWID_EUR,1991,7
Europe,OWID_EUR,1992,5
Europe,OWID_EUR,1993,5
Europe,OWID_EUR,1994,5
North America,OWID_NAM,1961,607447
North America,OWID_NAM,1962,634151
North America,OWID_NAM,1963,625734
North America,OWID_NAM,1964,655442
North America,OWID_NAM,1965,652875
North America,OWID_NAM,1966,675987
North America,OWID_NAM,1967,753987
North America,OWID_NAM,1968,716618
North America,OWID_NAM,1969,715534
North America,OWID_NAM,1970,714770
North America,OWID_NAM,1971,759674
North America,OWID_NAM,1972,775856
North America,OWID_NAM,1973,804639
North America,OWID_NAM,1974,842357
North America,OWID_NAM,1975,838274
North America,OWID_NAM,1976,834112
North America,OWID_NAM,1977,817393
North America,OWID_NAM,1978,900761
North America,OWID_NAM,1979,941451
North America,OWID_NAM,1980,957828
North America,OWID_NAM,1981,1018936
North America,OWID_NAM,1982,1024894
North America,OWID_NAM,1983,1049523
North America,OWID_NAM,1984,1019037
North America,OWID_NAM,1985,985653
North America,OWID_NAM,1986,1114649
North America,OWID_NAM,1987,1087832
North America,OWID_NAM,1988,1166883
North America,OWID_NAM,1989,1121190
North America,OWID_NAM,1990,1239299
North America,OWID_NAM,1991,1131780
North America,OWID_NAM,1992,1182300
North America,OWID_NAM,1993,1111815
North America,OWID_NAM,1994,1103158
North America,OWID_NAM,1995,1130847.2
North America,OWID_NAM,1996,1236880
North America,OWID_NAM,1997,1236901.5
North America,OWID_NAM,1998,1167007.9
North America,OWID_NAM,1999,1264137.9
North America,OWID_NAM,2000,1319208.8
North America,OWID_NAM,2001,1209511.4
North America,OWID_NAM,2002,1138614.8
North America,OWID_NAM,2003,1137650.8
North America,OWID_NAM,2004,1122770.1
North America,OWID_NAM,2005,1163022.5
North America,OWID_NAM,2006,1112310.4
North America,OWID_NAM,2007,1212133.4
North America,OWID_NAM,2008,1152179
North America,OWID_NAM,2009,1106629.8
North America,OWID_NAM,2010,1104229.2
North America,OWID_NAM,2011,1149567.2
North America,OWID_NAM,2012,1238112.2
North America,OWID_NAM,2013,1009988.44
North America,OWID_NAM,2014,996373.06
North America,OWID_NAM,2015,1002732.4
North America,OWID_NAM,2016,1052222.8
North America,OWID_NAM,2017,1159181.8
North America,OWID_NAM,2018,1202565.4
North America,OWID_NAM,2019,1168232.5
North America,OWID_NAM,2020,1107536.1
North America,OWID_NAM,2021,1172402.4
North America,OWID_NAM,2022,1096894
North America,OWID_NAM,2023,1107327.9
North America,OWID_NAM,2024,887887.25
Oceania,OWID_OCE,1961,5241
Oceania,OWID_OCE,1962,6872
Oceania,OWID_OCE,1963,8009
Oceania,OWID_OCE,1964,10469
Oceania,OWID_OCE,1965,11925
Oceania,OWID_OCE,1966,14056
Oceania,OWID_OCE,1967,17850
Oceania,OWID_OCE,1968,16038
Oceania,OWID_OCE,1969,23594
Oceania,OWID_OCE,1970,28668
Oceania,OWID_OCE,1971,28370
Oceania,OWID_OCE,1972,30408
Oceania,OWID_OCE,1973,36601
Oceania,OWID_OCE,1974,35124
Oceania,OWID_OCE,1975,38710
Oceania,OWID_OCE,1976,41165
Oceania,OWID_OCE,1977,38944
Oceania,OWID_OCE,1978,46679
Oceania,OWID_OCE,1979,50498
Oceania,OWID_OCE,1980,55691
Oceania,OWID_OCE,1981,50658
Oceania,OWID_OCE,1982,41584
Oceania,OWID_OCE,1983,56523
Oceania,OWID_OCE,1984,44161
Oceania,OWID_OCE,1985,56954
Oceania,OWID_OCE,1986,44934
Oceania,OWID_OCE,1987,63081
Oceania,OWID_OCE,1988,62224
Oceania,OWID_OCE,1989,66080
Oceania,OWID_OCE,1990,61014
Oceania,OWID_OCE,1991,47728.81
Oceania,OWID_OCE,1992,50831.68
Oceania,OWID_OCE,1993,63843.81
Oceania,OWID_OCE,1994,67266.91
Oceania,OWID_OCE,1995,59712.86
Oceania,OWID_OCE,1996,65223.48
Oceania,OWID_OCE,1997,64666.82
Oceania,OWID_OCE,1998,81085.87
Oceania,OWID_OCE,1999,83189.36
Oceania,OWID_OCE,2000,83109.19
Oceania,OWID_OCE,2001,63853.42
Oceania,OWID_OCE,2002,65201.58
Oceania,OWID_OCE,2003,69391.5
Oceania,OWID_OCE,2004,59948.13
Oceania,OWID_OCE,2005,76174.22
Oceania,OWID_OCE,2006,48518.24
Oceania,OWID_OCE,2007,58173.59
Oceania,OWID_OCE,2008,61783.86
Oceania,OWID_OCE,2009,60322.09
Oceania,OWID_OCE,2010,52308.44
Oceania,OWID_OCE,2011,84967.29
Oceania,OWID_OCE,2012,43706.34
Oceania,OWID_OCE,2013,49770.94
Oceania,OWID_OCE,2014,56981.18
Oceania,OWID_OCE,2015,58060.05
Oceania,OWID_OCE,2016,53802.73
Oceania,OWID_OCE,2017,47063.05
Oceania,OWID_OCE,2018,53239.61
Oceania,OWID_OCE,2019,45210.27
Oceania,OWID_OCE,2020,40580.15
Oceania,OWID_OCE,2021,47959.91
Oceania,OWID_OCE,2022,40880.37
Oceania,OWID_OCE,2023,58879.17
Oceania,OWID_OCE,2024,50477.99
South America,OWID_SAM,1961,2843499
South America,OWID_SAM,1962,2840435
South America,OWID_SAM,1963,2265522
South America,OWID_SAM,1964,1682003
South America,OWID_SAM,1965,2967169
South America,OWID_SAM,1966,1881179
South America,OWID_SAM,1967,2156839
South America,OWID_SAM,1968,1727232
South America,OWID_SAM,1969,1948056
South America,OWID_SAM,1970,1476227
South America,OWID_SAM,1971,2229857
South America,OWID_SAM,1972,2131211
South America,OWID_SAM,1973,1633364
South America,OWID_SAM,1974,2294021
South America,OWID_SAM,1975,2016161
South America,OWID_SAM,1976,1071431
South America,OWID_SAM,1977,1855839
South America,OWID_SAM,1978,2195287
South America,OWID_SAM,1979,2319892
South America,OWID_SAM,1980,2029315
South America,OWID_SAM,1981,3075215
South America,OWID_SAM,1982,1989276
South America,OWID_SAM,1983,2702987
South America,OWID_SAM,1984,2509880
South America,OWID_SAM,1985,2871613
South America,OWID_SAM,1986,2078889
South America,OWID_SAM,1987,3178506
South America,OWID_SAM,1988,2415693
South America,OWID_SAM,1989,2548685
South America,OWID_SAM,1990,2644690
South America,OWID_SAM,1991,2778023
South America,OWID_SAM,1992,2708275
South America,OWID_SAM,1993,2404515
South America,OWID_SAM,1994,2400250
South America,OWID_SAM,1995,2086626
South America,OWID_SAM,1996,2415419
South America,OWID_SAM,1997,2268624
South America,OWID_SAM,1998,2743570
South America,OWID_SAM,1999,2590317
South America,OWID_SAM,2000,2869700
South America,OWID_SAM,2001,2955622
South America,OWID_SAM,2002,3655180
South America,OWID_SAM,2003,3000416.2
South America,OWID_SAM,2004,3499375
South America,OWID_SAM,2005,3129569
South America,OWID_SAM,2006,3705877
South America,OWID_SAM,2007,3371683
South America,OWID_SAM,2008,3891551
South America,OWID_SAM,2009,3278052
South America,OWID_SAM,2010,3838407.5
South America,OWID_SAM,2011,3624957
South America,OWID_SAM,2012,3916887.5
South America,OWID_SAM,2013,3974031.5
South America,OWID_SAM,2014,3832732.5
South America,OWID_SAM,2015,3804251.5
South America,OWID_SAM,2016,4197569
South America,OWID_SAM,2017,3959720.8
South America,OWID_SAM,2018,4822067
South America,OWID_SAM,2019,4351240
South America,OWID_SAM,2020,4976234.5
South America,OWID_SAM,2021,3993003.8
South America,OWID_SAM,2022,4291053
South America,OWID_SAM,2023,4484597
South America,OWID_SAM,2024,4673882