date,city,country,temperature_c,humidity_pct,wind_speed_mps,pressure_hpa,precipitation_mm
2025-01-01,New York,USA,-5.8,78.1,8.5,1020.0,0
2025-01-01,London,UK,2.6,78.9,4.8,1009.2,0
2025-01-01,Tokyo,Japan,-2.5,71.8,5.1,999.2,0
2025-01-01,Singapore,Singapore,26.8,94.3,4.4,1015.0,2.5
2025-01-01,Sydney,Australia,5.6,74.1,6.1,1022.4,0
2025-01-01,Cairo,Egypt,9.0,39.4,8.4,1019.3,0
2025-01-01,São Paulo,Brazil,15.8,74.6,3.2,1024.2,0
2025-01-01,Toronto,Canada,-5.6,75.2,2.3,1019.3,0
2025-01-02,New York,USA,-6.9,76.2,6.1,1019.3,0
2025-01-02,London,UK,7.0,90.4,4.6,1017.2,0
2025-01-02,Tokyo,Japan,5.3,80.7,5.9,1023.1,0
2025-01-02,Singapore,Singapore,21.2,79.0,4.1,1009.4,0
2025-01-02,Sydney,Australia,8.6,64.0,5.1,1014.3,0
2025-01-02,Cairo,Egypt,3.2,65.5,8.8,1015.1,0
2025-01-02,São Paulo,Brazil,15.1,85.7,2.9,1025.0,0
2025-01-02,Toronto,Canada,-13.2,79.1,4.8,1027.8,0
2025-01-03,New York,USA,-7.5,66.3,9.7,1015.8,0
2025-01-03,London,UK,1.1,88.0,6.9,1006.5,0
2025-01-03,Tokyo,Japan,0.2,76.8,6.3,1011.4,0
2025-01-03,Singapore,Singapore,26.3,80.1,4.1,1004.6,0
2025-01-03,Sydney,Australia,13.6,71.7,3.3,1024.4,0
2025-01-03,Cairo,Egypt,7.3,44.7,0,1018.8,0
2025-01-03,São Paulo,Brazil,8.2,89.2,4.9,1016.1,0
2025-01-03,Toronto,Canada,-12.5,87.0,8.7,1025.2,0
2025-01-04,New York,USA,-8.0,95.3,5.7,1011.9,0
2025-01-04,London,UK,0.4,68.9,3.1,1005.6,2.2
2025-01-04,Tokyo,Japan,3.7,83.6,4.1,1006.7,0
2025-01-04,Singapore,Singapore,31.6,76.2,0,1007.6,0
2025-01-04,Sydney,Australia,13.1,62.2,2.5,1020.7,0
2025-01-04,Cairo,Egypt,6.0,52.9,0,1011.0,0
2025-01-04,São Paulo,Brazil,17.6,75.6,5.0,1000.9,9.9
2025-01-04,Toronto,Canada,-13.5,68.8,3.7,1017.3,0
2025-01-05,New York,USA,-11.6,73.7,9.0,1025.9,5.0
2025-01-05,London,UK,4.0,82.0,4.0,1027.2,0
2025-01-05,Tokyo,Japan,1.1,67.3,4.4,1012.6,0
2025-01-05,Singapore,Singapore,21.8,96.8,2.8,1013.3,0
2025-01-05,Sydney,Australia,14.9,54.2,4.2,1009.4,0
2025-01-05,Cairo,Egypt,7.4,44.9,4.7,1019.5,0
2025-01-05,São Paulo,Brazil,13.4,73.4,10.6,1002.9,0
2025-01-05,Toronto,Canada,-15.6,67.7,1.4,1001.5,0
2025-01-06,New York,USA,-2.3,72.0,8.3,1022.1,4.6
2025-01-06,London,UK,2.8,79.4,4.2,1017.2,5.5
2025-01-06,Tokyo,Japan,6.5,88.3,3.4,1011.1,0
2025-01-06,Singapore,Singapore,23.7,84.9,3.5,1006.2,0
2025-01-06,Sydney,Australia,10.3,71.0,3.0,1015.5,0
2025-01-06,Cairo,Egypt,14.1,56.6,4.2,1009.3,0
2025-01-06,São Paulo,Brazil,17.6,73.7,2.9,1011.1,11.5
2025-01-06,Toronto,Canada,-8.1,85.9,5.6,1011.9,0
2025-01-07,New York,USA,-4.0,74.3,8.4,1018.5,0
2025-01-07,London,UK,2.7,93.6,3.2,1007.3,0
2025-01-07,Tokyo,Japan,3.1,83.4,6.9,996.3,2.5
2025-01-07,Singapore,Singapore,30.6,76.6,4.5,990.2,0
2025-01-07,Sydney,Australia,9.6,55.4,8.9,1007.2,8.7
2025-01-07,Cairo,Egypt,6.9,46.8,4.7,1006.3,0
2025-01-07,São Paulo,Brazil,15.6,75.9,5.0,1014.3,0
2025-01-07,Toronto,Canada,-11.8,87.4,5.2,1014.4,0
2025-01-08,New York,USA,-11.2,69.1,1.1,1020.7,3.5
2025-01-08,London,UK,3.3,86.4,4.1,1002.9,0
2025-01-08,Tokyo,Japan,1.9,68.7,3.1,999.9,2.8
2025-01-08,Singapore,Singapore,26.6,86.0,4.9,1009.5,2.0
2025-01-08,Sydney,Australia,15.4,58.0,9.2,1025.9,0
2025-01-08,Cairo,Egypt,13.8,55.3,5.7,1022.3,0
2025-01-08,São Paulo,Brazil,14.8,76.7,0,1025.3,0
2025-01-08,Toronto,Canada,-9.7,82.4,2.4,1018.7,0
2025-01-09,New York,USA,-7.0,78.0,4.7,1008.1,0
2025-01-09,London,UK,6.4,86.8,7.3,1009.9,0
2025-01-09,Tokyo,Japan,3.6,73.2,3.4,1006.6,0
2025-01-09,Singapore,Singapore,28.1,68.0,3.6,1006.1,6.8
2025-01-09,Sydney,Australia,14.7,55.5,7.0,1015.3,0
2025-01-09,Cairo,Egypt,10.8,47.0,4.0,1003.0,0
2025-01-09,São Paulo,Brazil,8.9,73.3,8.2,1012.0,0
2025-01-09,Toronto,Canada,-12.5,78.2,4.7,1012.1,0
2025-01-10,New York,USA,-6.2,78.4,7.1,1012.6,0
2025-01-10,London,UK,10.2,85.3,5.2,1014.6,6.0
2025-01-10,Tokyo,Japan,1.7,92.8,2.1,1010.1,9.6
2025-01-10,Singapore,Singapore,28.1,86.0,1.9,1011.8,0
2025-01-10,Sydney,Australia,8.1,60.2,4.4,1012.9,0
2025-01-10,Cairo,Egypt,7.7,42.9,1.7,1010.9,0
2025-01-10,São Paulo,Brazil,12.4,73.2,2.3,1016.5,0
2025-01-10,Toronto,Canada,-10.0,78.3,4.6,1024.3,0
2025-01-11,New York,USA,-7.2,85.1,5.9,1023.6,0
2025-01-11,London,UK,1.2,79.2,6.2,1009.0,0
2025-01-11,Tokyo,Japan,2.5,79.8,1.5,1012.7,0
2025-01-11,Singapore,Singapore,21.2,89.5,6.8,1018.6,0
2025-01-11,Sydney,Australia,7.3,63.0,6.0,1010.9,0
2025-01-11,Cairo,Egypt,6.9,46.9,6.9,1012.4,0
2025-01-11,São Paulo,Brazil,13.2,84.0,4.9,1006.2,0
2025-01-11,Toronto,Canada,-8.7,80.9,5.1,1014.3,0
2025-01-12,New York,USA,-3.8,94.5,10.4,1021.0,0
2025-01-12,London,UK,6.6,90.6,5.6,1015.6,0
2025-01-12,Tokyo,Japan,1.5,82.0,0.9,1014.1,11.5
2025-01-12,Singapore,Singapore,25.2,93.9,0,1008.2,0
2025-01-12,Sydney,Australia,9.2,64.5,3.7,1015.5,0
2025-01-12,Cairo,Egypt,2.5,56.3,5.9,1007.6,0
2025-01-12,São Paulo,Brazil,14.1,84.1,3.8,1018.5,0
2025-01-12,Toronto,Canada,-11.0,78.9,7.3,1011.7,0
2025-01-13,New York,USA,-5.8,74.0,5.1,1013.5,0
2025-01-13,London,UK,-1.6,91.6,7.3,1009.5,6.7
2025-01-13,Tokyo,Japan,3.2,73.9,4.1,1013.9,4.7
2025-01-13,Singapore,Singapore,28.6,90.2,0,1011.1,15.3
2025-01-13,Sydney,Australia,12.2,63.7,2.6,1019.0,0
2025-01-13,Cairo,Egypt,11.6,48.3,2.7,1010.2,0
2025-01-13,São Paulo,Brazil,12.8,66.8,0,1011.0,8.7
2025-01-13,Toronto,Canada,-5.4,66.9,4.6,1012.5,0
2025-01-14,New York,USA,-5.3,77.9,7.7,1016.6,0
2025-01-14,London,UK,1.8,80.1,5.1,1012.9,1.9
2025-01-14,Tokyo,Japan,0.1,71.3,6.4,1006.4,0
2025-01-14,Singapore,Singapore,25.3,85.7,5.2,1004.6,0
2025-01-14,Sydney,Australia,14.3,66.7,2.4,1016.0,0
2025-01-14,Cairo,Egypt,5.4,60.6,5.2,1007.9,0
2025-01-14,São Paulo,Brazil,15.6,90.5,4.3,1017.5,13.0
2025-01-14,Toronto,Canada,-10.4,68.8,3.1,1003.0,0
2025-01-15,New York,USA,-10.5,73.5,10.2,1023.3,0
2025-01-15,London,UK,7.9,76.7,9.8,1014.5,0
2025-01-15,Tokyo,Japan,0.1,77.7,4.1,1017.3,0.7
2025-01-15,Singapore,Singapore,30.7,99,6.5,1014.9,0
2025-01-15,Sydney,Australia,10.9,80.6,7.1,1015.4,14.5
2025-01-15,Cairo,Egypt,3.3,58.4,6.8,1009.4,0
2025-01-15,São Paulo,Brazil,8.4,61.4,3.5,1006.7,10.6
2025-01-15,Toronto,Canada,-10.2,77.5,4.6,1018.2,0
2025-01-16,New York,USA,-1.9,71.5,4.9,1013.9,0
2025-01-16,London,UK,2.0,78.5,9.5,1020.5,0
2025-01-16,Tokyo,Japan,-3.0,83.5,8.7,1011.5,0
2025-01-16,Singapore,Singapore,24.7,97.3,1.7,1000.8,0
2025-01-16,Sydney,Australia,13.5,60.7,7.1,1020.9,0
2025-01-16,Cairo,Egypt,12.4,64.3,4.8,1005.4,0
2025-01-16,São Paulo,Brazil,16.6,66.7,4.9,1012.7,0
2025-01-16,Toronto,Canada,-11.5,78.7,3.9,1006.8,0
2025-01-17,New York,USA,-8.0,69.4,1.0,1011.4,5.0
2025-01-17,London,UK,5.1,71.8,0.5,1013.9,0
2025-01-17,Tokyo,Japan,1.0,75.3,6.1,1007.8,8.7
2025-01-17,Singapore,Singapore,26.1,85.1,0.3,1006.1,0
2025-01-17,Sydney,Australia,7.7,68.0,3.5,1011.1,0
2025-01-17,Cairo,Egypt,6.1,42.9,2.9,1014.9,0
2025-01-17,São Paulo,Brazil,11.0,81.7,0.6,1011.0,12.4
2025-01-17,Toronto,Canada,-5.6,73.5,10.7,1024.7,0
2025-01-18,New York,USA,-4.4,65.6,8.9,1013.3,0
2025-01-18,London,UK,3.5,85.0,6.8,1012.7,0
2025-01-18,Tokyo,Japan,-0.9,87.3,3.8,1015.4,9.2
2025-01-18,Singapore,Singapore,29.6,77.2,0.4,1004.8,0
2025-01-18,Sydney,Australia,8.3,75.8,10.0,1009.2,0
2025-01-18,Cairo,Egypt,8.9,75.2,1.9,1006.6,0
2025-01-18,São Paulo,Brazil,15.0,72.0,1.8,1007.7,7.9
2025-01-18,Toronto,Canada,-3.6,78.0,4.3,1012.5,0
2025-01-19,New York,USA,-1.9,72.6,9.4,1011.3,0
2025-01-19,London,UK,7.1,90.0,8.9,1008.9,0
2025-01-19,Tokyo,Japan,11.0,62.1,5.3,1010.0,0
2025-01-19,Singapore,Singapore,27.5,89.5,3.1,1006.8,0
2025-01-19,Sydney,Australia,11.2,66.3,5.5,1018.7,0
2025-01-19,Cairo,Egypt,10.7,50.4,4.0,1009.2,0
2025-01-19,São Paulo,Brazil,12.6,84.8,4.9,1011.2,2.7
2025-01-19,Toronto,Canada,-11.2,76.1,4.6,1024.5,0
2025-01-20,New York,USA,-9.5,64.2,7.6,1016.6,0
2025-01-20,London,UK,-2.2,82.2,3.3,1006.0,0
2025-01-20,Tokyo,Japan,-1.6,69.8,4.1,1009.7,0
2025-01-20,Singapore,Singapore,30.2,85.8,2.9,995.8,13.3
2025-01-20,Sydney,Australia,14.4,57.3,6.1,1020.0,0
2025-01-20,Cairo,Egypt,5.3,35.4,8.6,1006.7,0
2025-01-20,São Paulo,Brazil,14.1,82.7,4.7,1006.2,0
2025-01-20,Toronto,Canada,-8.8,76.1,4.5,1014.0,7.2
2025-01-21,New York,USA,-2.3,86.4,0,1016.3,2.9
2025-01-21,London,UK,3.4,92.1,7.8,1019.6,0
2025-01-21,Tokyo,Japan,1.7,84.3,0,1010.2,1.5
2025-01-21,Singapore,Singapore,21.0,82.9,0,1010.9,10.7
2025-01-21,Sydney,Australia,11.5,68.7,3.1,1008.6,0
2025-01-21,Cairo,Egypt,9.8,49.8,3.9,1026.9,0
2025-01-21,São Paulo,Brazil,17.7,81.3,6.3,1014.1,0
2025-01-21,Toronto,Canada,-9.6,92.6,4.9,1019.1,0
2025-01-22,New York,USA,-6.4,77.7,2.5,1004.6,13.0
2025-01-22,London,UK,9.4,72.8,5.9,1013.6,0.2
2025-01-22,Tokyo,Japan,5.7,74.8,2.9,1009.5,2.9
2025-01-22,Singapore,Singapore,28.0,99,2.1,1008.9,5.0
2025-01-22,Sydney,Australia,12.1,66.4,5.2,1018.0,0
2025-01-22,Cairo,Egypt,7.1,47.1,5.8,1005.4,0
2025-01-22,São Paulo,Brazil,15.8,67.7,3.6,1013.0,7.9
2025-01-22,Toronto,Canada,-11.8,92.1,2.1,1011.0,0
2025-01-23,New York,USA,-1.1,74.3,5.0,1010.6,0
2025-01-23,London,UK,3.1,92.0,6.0,1008.9,9.7
2025-01-23,Tokyo,Japan,-2.0,80.7,5.2,1001.9,0
2025-01-23,Singapore,Singapore,22.0,94.0,2.4,1008.9,0
2025-01-23,Sydney,Australia,8.6,68.1,4.8,1008.3,0
2025-01-23,Cairo,Egypt,6.0,51.6,7.3,1012.8,0
2025-01-23,São Paulo,Brazil,17.7,76.1,0.2,1004.7,0
2025-01-23,Toronto,Canada,-2.7,74.1,8.0,1024.3,0
2025-01-24,New York,USA,-3.7,71.1,0.8,1007.5,0
2025-01-24,London,UK,0.5,82.0,3.6,1002.9,8.0
2025-01-24,Tokyo,Japan,5.7,77.3,3.5,1001.9,0
2025-01-24,Singapore,Singapore,23.2,74.8,7.7,1003.3,0
2025-01-24,Sydney,Australia,8.1,62.2,5.3,1011.9,0
2025-01-24,Cairo,Egypt,10.7,48.7,7.4,1004.9,0
2025-01-24,São Paulo,Brazil,11.8,70.9,1.8,1010.0,0
2025-01-24,Toronto,Canada,-12.1,87.0,10.0,1015.5,0
2025-01-25,New York,USA,-3.8,80.5,5.3,1015.8,0
2025-01-25,London,UK,-0.1,81.2,8.7,1019.8,0
2025-01-25,Tokyo,Japan,0.2,71.8,5.6,1020.6,0
2025-01-25,Singapore,Singapore,27.3,87.6,4.6,1004.5,0
2025-01-25,Sydney,Australia,15.2,56.7,8.0,1008.1,0
2025-01-25,Cairo,Egypt,6.7,46.9,6.2,1006.8,0
2025-01-25,São Paulo,Brazil,12.5,89.7,9.1,1016.3,0
2025-01-25,Toronto,Canada,-9.4,64.7,6.4,1013.5,2.6
2025-01-26,New York,USA,-4.2,76.0,9.5,1010.5,0
2025-01-26,London,UK,4.3,86.5,6.6,1017.0,0
2025-01-26,Tokyo,Japan,4.8,73.9,2.7,998.5,0
2025-01-26,Singapore,Singapore,23.5,89.8,3.5,1004.6,13.1
2025-01-26,Sydney,Australia,9.5,66.1,2.6,1019.3,0
2025-01-26,Cairo,Egypt,12.8,38.9,2.7,1018.6,0
2025-01-26,São Paulo,Brazil,13.7,82.5,4.2,1017.3,0
2025-01-26,Toronto,Canada,-15.3,82.0,4.2,1010.8,0
2025-01-27,New York,USA,-0.9,74.1,4.8,1013.9,0
2025-01-27,London,UK,2.9,83.3,6.2,1014.6,0
2025-01-27,Tokyo,Japan,1.0,71.0,4.4,1012.2,0
2025-01-27,Singapore,Singapore,24.9,89.4,3.4,1013.8,0
2025-01-27,Sydney,Australia,10.7,58.1,8.9,1019.0,0
2025-01-27,Cairo,Egypt,11.3,51.4,0,1008.5,0
2025-01-27,São Paulo,Brazil,18.8,88.3,1.4,1013.1,0
2025-01-27,Toronto,Canada,-9.0,83.7,2.0,1023.7,0
2025-01-28,New York,USA,-4.9,69.3,6.0,1015.0,0
2025-01-28,London,UK,3.1,80.8,9.4,1006.6,0
2025-01-28,Tokyo,Japan,3.3,78.5,4.3,1008.3,16.6
2025-01-28,Singapore,Singapore,21.0,86.9,3.5,1004.3,0
2025-01-28,Sydney,Australia,7.4,60.5,3.6,1018.6,0
2025-01-28,Cairo,Egypt,15.3,51.1,5.2,1014.0,0
2025-01-28,São Paulo,Brazil,12.0,99,8.9,1006.1,0
2025-01-28,Toronto,Canada,-11.8,86.5,8.3,1018.4,9.8
2025-01-29,New York,USA,-0.1,63.3,4.7,1014.0,0
2025-01-29,London,UK,4.3,66.5,7.7,1009.3,0
2025-01-29,Tokyo,Japan,7.0,87.7,2.0,1008.0,0
2025-01-29,Singapore,Singapore,24.3,86.8,3.0,1005.6,0
2025-01-29,Sydney,Australia,5.7,66.3,6.9,1011.3,0
2025-01-29,Cairo,Egypt,8.1,56.1,3.6,1007.6,0
2025-01-29,São Paulo,Brazil,13.5,75.3,3.5,1015.1,0
2025-01-29,Toronto,Canada,-4.3,77.4,4.5,1020.5,0
2025-01-30,New York,USA,-3.8,75.5,5.9,1016.4,0
2025-01-30,London,UK,1.5,81.9,10.1,1019.1,4.3
2025-01-30,Tokyo,Japan,-1.8,76.5,4.9,1014.6,0
2025-01-30,Singapore,Singapore,25.8,99,5.2,1018.2,0
2025-01-30,Sydney,Australia,10.8,58.6,8.3,1004.2,0
2025-01-30,Cairo,Egypt,6.5,55.4,3.0,1021.2,0
2025-01-30,São Paulo,Brazil,15.1,78.7,6.0,1001.6,0
2025-01-30,Toronto,Canada,-9.6,82.9,1.5,1019.2,0
2025-01-31,New York,USA,-0.5,74.8,2.5,1025.6,18.7
2025-01-31,London,UK,-0.9,94.2,4.8,1021.2,0
2025-01-31,Tokyo,Japan,2.8,75.1,4.9,1002.5,0
2025-01-31,Singapore,Singapore,27.0,90.9,1.6,1009.6,18.8
2025-01-31,Sydney,Australia,12.6,55.7,10.6,1006.1,9.1
2025-01-31,Cairo,Egypt,10.3,59.1,3.8,1005.1,0
2025-01-31,São Paulo,Brazil,15.4,92.3,2.6,1015.7,0
2025-01-31,Toronto,Canada,-4.4,80.2,9.6,1019.4,0
2025-02-01,New York,USA,-2.9,82.6,7.9,1019.2,0
2025-02-01,London,UK,0.5,96.8,4.4,1014.5,1.8
2025-02-01,Tokyo,Japan,7.0,77.1,1.8,1016.4,0
2025-02-01,Singapore,Singapore,22.1,89.7,5.8,1005.9,1.6
2025-02-01,Sydney,Australia,10.6,55.5,9.2,1003.9,0
2025-02-01,Cairo,Egypt,8.3,66.9,2.8,1016.6,0
2025-02-01,São Paulo,Brazil,14.1,84.4,0.0,1017.5,0
2025-02-01,Toronto,Canada,-4.2,63.0,3.0,1019.5,0
2025-02-02,New York,USA,-5.1,70.3,7.9,1016.2,0
2025-02-02,London,UK,5.3,76.1,7.7,1015.3,0
2025-02-02,Tokyo,Japan,2.2,73.6,3.6,1028.4,0
2025-02-02,Singapore,Singapore,25.2,88.6,0,1011.1,9.0
2025-02-02,Sydney,Australia,15.1,69.5,7.4,1018.8,0
2025-02-02,Cairo,Egypt,9.2,54.4,5.3,1013.8,0
2025-02-02,São Paulo,Brazil,7.2,81.1,3.9,1005.6,0
2025-02-02,Toronto,Canada,-8.9,88.7,1.5,1017.8,0
2025-02-03,New York,USA,-0.9,61.2,4.3,1011.7,0
2025-02-03,London,UK,7.8,66.2,6.7,1009.1,0
2025-02-03,Tokyo,Japan,1.7,80.2,1.7,1014.1,0
2025-02-03,Singapore,Singapore,21.5,92.4,4.3,1005.7,0
2025-02-03,Sydney,Australia,12.4,67.5,4.2,1012.1,0
2025-02-03,Cairo,Egypt,8.7,65.4,1.7,1015.0,7.0
2025-02-03,São Paulo,Brazil,14.5,88.2,2.6,1019.5,7.5
2025-02-03,Toronto,Canada,-9.2,84.1,3.6,1015.2,0
2025-02-04,New York,USA,-4.9,75.8,5.6,1016.6,0
2025-02-04,London,UK,4.9,79.5,8.2,1014.7,0
2025-02-04,Tokyo,Japan,3.1,74.4,2.3,1005.6,12.5
2025-02-04,Singapore,Singapore,23.3,82.4,2.8,1005.9,0
2025-02-04,Sydney,Australia,14.1,72.6,4.9,1014.3,0
2025-02-04,Cairo,Egypt,9.5,46.7,4.7,1014.1,0
2025-02-04,São Paulo,Brazil,15.6,80.0,3.7,1003.7,0
2025-02-04,Toronto,Canada,-5.8,87.8,5.3,1014.9,0
2025-02-05,New York,USA,-5.5,70.4,10.6,1020.0,0
2025-02-05,London,UK,6.4,69.1,7.9,1005.0,0
2025-02-05,Tokyo,Japan,-1.3,68.7,5.2,1014.2,2.4
2025-02-05,Singapore,Singapore,27.3,82.6,0.7,1007.4,0
2025-02-05,Sydney,Australia,13.4,72.4,3.6,1012.6,0
2025-02-05,Cairo,Egypt,11.9,55.7,2.9,1018.4,0
2025-02-05,São Paulo,Brazil,16.4,83.7,2.1,1015.9,0
2025-02-05,Toronto,Canada,-8.1,74.2,3.3,1015.5,0
2025-02-06,New York,USA,-2.5,71.9,1.2,1008.4,0
2025-02-06,London,UK,2.1,62.8,5.7,1022.7,0
2025-02-06,Tokyo,Japan,5.2,79.3,8.6,1012.9,0
2025-02-06,Singapore,Singapore,27.6,99,3.3,1007.4,0
2025-02-06,Sydney,Australia,12.6,78.2,4.9,1008.7,0
2025-02-06,Cairo,Egypt,10.1,45.9,2.0,1020.1,0
2025-02-06,São Paulo,Brazil,10.3,87.3,1.0,1001.8,0
2025-02-06,Toronto,Canada,-6.9,77.2,4.2,1024.8,0
2025-02-07,New York,USA,-0.7,67.4,1.8,1010.5,0
2025-02-07,London,UK,4.9,71.0,5.3,1001.4,0
2025-02-07,Tokyo,Japan,4.7,72.3,5.8,1004.0,6.8
2025-02-07,Singapore,Singapore,31.3,91.1,0,1013.3,0
2025-02-07,Sydney,Australia,12.8,62.2,6.0,1018.4,0
2025-02-07,Cairo,Egypt,8.2,54.3,3.7,1006.8,0
2025-02-07,São Paulo,Brazil,13.9,79.9,3.5,1012.1,3.9
2025-02-07,Toronto,Canada,-11.1,74.9,7.0,1024.4,0
2025-02-08,New York,USA,-3.2,78.7,3.7,1017.5,9.9
2025-02-08,London,UK,4.2,92.2,5.2,1008.9,0
2025-02-08,Tokyo,Japan,1.1,79.4,2.9,1018.2,0
2025-02-08,Singapore,Singapore,26.5,83.1,6.5,1014.0,0
2025-02-08,Sydney,Australia,16.3,49.6,6.3,1007.7,0
2025-02-08,Cairo,Egypt,9.2,61.9,3.1,1002.0,13.9
2025-02-08,São Paulo,Brazil,8.7,77.0,0,1009.4,0
2025-02-08,Toronto,Canada,-6.3,78.3,7.0,1007.0,0
2025-02-09,New York,USA,2.5,74.7,2.9,1009.8,0
2025-02-09,London,UK,5.0,88.4,4.6,1018.9,21.8
2025-02-09,Tokyo,Japan,5.4,77.3,7.6,1011.9,0
2025-02-09,Singapore,Singapore,29.3,71.6,0,1014.1,4.8
2025-02-09,Sydney,Australia,12.6,64.4,6.4,1024.0,0
2025-02-09,Cairo,Egypt,4.2,61.7,6.2,1015.8,0
2025-02-09,São Paulo,Brazil,13.2,82.6,3.1,1013.5,0
2025-02-09,Toronto,Canada,-11.1,74.2,5.1,1016.7,5.4
2025-02-10,New York,USA,-2.8,66.4,5.1,1012.4,0
2025-02-10,London,UK,10.0,95.3,5.7,1015.0,0
2025-02-10,Tokyo,Japan,5.0,71.9,0.9,1012.4,0
2025-02-10,Singapore,Singapore,27.7,94.1,7.6,1011.8,0
2025-02-10,Sydney,Australia,16.7,70.1,6.8,1016.2,0
2025-02-10,Cairo,Egypt,8.5,50.1,1.8,1017.5,0
2025-02-10,São Paulo,Brazil,16.9,68.6,4.2,1007.7,0
2025-02-10,Toronto,Canada,-11.6,82.1,7.9,1023.3,0
2025-02-11,New York,USA,-1.5,87.4,3.8,997.7,0
2025-02-11,London,UK,5.8,62.6,5.8,1006.9,0
2025-02-11,Tokyo,Japan,1.9,73.9,5.4,1010.2,0
2025-02-11,Singapore,Singapore,24.5,95.4,0,1013.5,11.3
2025-02-11,Sydney,Australia,8.9,80.3,4.7,1009.2,0
2025-02-11,Cairo,Egypt,11.4,38.6,0,1006.0,0
2025-02-11,São Paulo,Brazil,17.3,78.1,2.0,1009.1,0
2025-02-11,Toronto,Canada,-8.5,68.6,3.5,1011.2,0
2025-02-12,New York,USA,-2.8,86.5,3.9,1026.3,0
2025-02-12,London,UK,2.5,85.0,8.0,1005.5,0
2025-02-12,Tokyo,Japan,6.4,89.0,3.9,1008.1,9.8
2025-02-12,Singapore,Singapore,23.8,87.8,0.2,1004.2,0
2025-02-12,Sydney,Australia,13.1,69.3,3.2,1009.7,0
2025-02-12,Cairo,Egypt,13.3,48.6,9.8,1011.0,0
2025-02-12,São Paulo,Brazil,16.8,90.4,1.8,1017.5,0
2025-02-12,Toronto,Canada,-8.4,72.1,4.8,1023.4,0
2025-02-13,New York,USA,-5.3,70.5,8.3,1002.1,0
2025-02-13,London,UK,9.2,71.0,2.7,1010.1,0
2025-02-13,Tokyo,Japan,2.1,58.0,4.5,1011.0,0
2025-02-13,Singapore,Singapore,27.5,96.4,7.5,1012.0,0
2025-02-13,Sydney,Australia,11.2,78.1,4.8,1000.7,0
2025-02-13,Cairo,Egypt,16.1,63.0,2.0,1019.4,0
2025-02-13,São Paulo,Brazil,15.1,66.6,2.6,1023.4,0
2025-02-13,Toronto,Canada,-3.4,72.5,6.2,1012.2,0
2025-02-14,New York,USA,-0.1,73.2,7.0,1007.1,3.2
2025-02-14,London,UK,9.2,88.7,4.8,1011.0,0
2025-02-14,Tokyo,Japan,9.7,79.4,4.9,1011.3,0
2025-02-14,Singapore,Singapore,26.8,75.8,5.5,1000.9,0
2025-02-14,Sydney,Australia,13.1,54.1,2.9,1017.8,0
2025-02-14,Cairo,Egypt,14.5,54.1,0,1011.0,0
2025-02-14,São Paulo,Brazil,13.4,73.7,4.8,1008.7,0
2025-02-14,Toronto,Canada,-6.2,69.2,8.3,1009.3,0
2025-02-15,New York,USA,-0.2,69.9,4.9,1017.9,0
2025-02-15,London,UK,8.9,73.3,5.5,1006.2,7.2
2025-02-15,Tokyo,Japan,8.9,85.9,0,1009.6,0
2025-02-15,Singapore,Singapore,30.8,69.7,3.8,1012.0,13.1
2025-02-15,Sydney,Australia,11.9,76.4,4.6,1009.8,0
2025-02-15,Cairo,Egypt,11.6,58.9,5.7,1018.8,0
2025-02-15,São Paulo,Brazil,10.3,72.9,2.7,1020.3,0
2025-02-15,Toronto,Canada,-2.6,67.9,3.8,1015.4,0
2025-02-16,New York,USA,-0.4,64.8,4.4,1023.2,0
2025-02-16,London,UK,4.7,75.8,6.1,1011.3,0
2025-02-16,Tokyo,Japan,6.8,74.7,7.8,1017.0,0
2025-02-16,Singapore,Singapore,23.2,80.1,4.0,1009.1,0
2025-02-16,Sydney,Australia,10.0,62.8,10.1,1016.7,0
2025-02-16,Cairo,Egypt,6.5,41.3,2.9,1008.5,8.4
2025-02-16,São Paulo,Brazil,19.4,78.6,1.7,1006.8,0
2025-02-16,Toronto,Canada,-6.2,64.8,6.8,1009.1,17.7
2025-02-17,New York,USA,-0.1,54.4,0.4,1016.1,13.2
2025-02-17,London,UK,-0.7,75.8,5.3,1014.5,0
2025-02-17,Tokyo,Japan,6.4,70.3,6.0,1013.1,0
2025-02-17,Singapore,Singapore,22.9,81.9,1.7,998.4,0
2025-02-17,Sydney,Australia,10.2,73.6,2.8,1011.1,0
2025-02-17,Cairo,Egypt,14.4,45.1,7.8,1012.3,0
2025-02-17,São Paulo,Brazil,13.5,63.6,3.8,1014.3,0
2025-02-17,Toronto,Canada,-5.7,84.4,5.9,1007.4,0
2025-02-18,New York,USA,0.8,68.1,7.8,1018.1,0
2025-02-18,London,UK,7.4,78.3,6.6,1009.4,0
2025-02-18,Tokyo,Japan,3.8,61.9,5.9,999.9,0
2025-02-18,Singapore,Singapore,27.4,77.1,0,1004.0,0
2025-02-18,Sydney,Australia,7.6,62.3,5.7,1014.2,0
2025-02-18,Cairo,Egypt,13.8,45.0,3.0,1014.4,0
2025-02-18,São Paulo,Brazil,13.8,92.0,4.4,1011.5,0
2025-02-18,Toronto,Canada,-4.7,78.4,5.5,1018.4,3.7
2025-02-19,New York,USA,-0.2,73.9,4.6,1025.6,0
2025-02-19,London,UK,4.8,92.7,5.6,1007.4,0
2025-02-19,Tokyo,Japan,11.9,73.9,6.9,1005.0,0
2025-02-19,Singapore,Singapore,29.7,87.8,0,1010.9,10.6
2025-02-19,Sydney,Australia,7.4,77.6,3.0,1012.9,0
2025-02-19,Cairo,Egypt,13.0,53.7,0.4,1008.9,0
2025-02-19,São Paulo,Brazil,11.4,73.9,1.4,1014.4,0
2025-02-19,Toronto,Canada,-3.2,70.3,4.0,1008.1,0
2025-02-20,New York,USA,4.8,67.2,4.3,1007.5,0
2025-02-20,London,UK,6.7,80.4,5.7,1026.0,0
2025-02-20,Tokyo,Japan,8.0,80.4,7.1,1012.0,0
2025-02-20,Singapore,Singapore,22.9,97.8,4.4,1010.3,0
2025-02-20,Sydney,Australia,14.2,56.6,3.5,1006.1,0
2025-02-20,Cairo,Egypt,13.0,51.9,3.6,1024.0,0
2025-02-20,São Paulo,Brazil,17.6,71.4,0.9,1003.6,0
2025-02-20,Toronto,Canada,-3.9,67.4,6.3,1021.0,12.0
2025-02-21,New York,USA,3.4,75.5,6.1,1017.6,0
2025-02-21,London,UK,8.3,67.5,6.6,1020.4,0
2025-02-21,Tokyo,Japan,8.1,79.4,2.4,1010.7,0
2025-02-21,Singapore,Singapore,25.2,83.0,3.3,1005.1,0
2025-02-21,Sydney,Australia,16.8,67.0,3.1,1019.2,3.7
2025-02-21,Cairo,Egypt,11.7,42.9,3.9,1005.9,0
2025-02-21,São Paulo,Brazil,15.5,68.0,4.7,1010.7,0
2025-02-21,Toronto,Canada,-6.9,87.2,5.5,1024.4,0
2025-02-22,New York,USA,-0.2,67.0,0,1015.4,0
2025-02-22,London,UK,3.6,99,6.7,1014.5,0
2025-02-22,Tokyo,Japan,13.4,61.1,1.2,1008.8,0
2025-02-22,Singapore,Singapore,27.4,85.1,2.7,1009.6,0
2025-02-22,Sydney,Australia,9.3,66.9,5.3,1008.3,0
2025-02-22,Cairo,Egypt,16.8,28.9,4.1,1012.2,0
2025-02-22,São Paulo,Brazil,16.5,74.7,4.6,1015.4,0
2025-02-22,Toronto,Canada,-8.8,75.2,6.1,1020.7,0
2025-02-23,New York,USA,-6.1,66.6,1.9,1011.1,3.5
2025-02-23,London,UK,5.8,89.0,3.0,1013.0,8.1
2025-02-23,Tokyo,Japan,11.2,58.2,0.1,1004.6,0
2025-02-23,Singapore,Singapore,24.6,87.1,2.9,1004.1,5.7
2025-02-23,Sydney,Australia,17.5,65.6,8.7,1018.5,0
2025-02-23,Cairo,Egypt,13.9,62.1,3.1,1019.9,0
2025-02-23,São Paulo,Brazil,17.8,71.8,3.5,1010.7,6.5
2025-02-23,Toronto,Canada,-0.6,68.0,6.4,1019.3,0
2025-02-24,New York,USA,-1.1,81.2,4.8,1016.0,0
2025-02-24,London,UK,5.8,72.5,6.1,1009.0,0
2025-02-24,Tokyo,Japan,3.6,88.2,5.6,1009.0,0
2025-02-24,Singapore,Singapore,29.5,78.5,1.8,1003.5,7.8
2025-02-24,Sydney,Australia,11.1,67.1,4.7,1015.9,0
2025-02-24,Cairo,Egypt,13.8,51.8,0,1020.9,0
2025-02-24,São Paulo,Brazil,14.7,82.2,6.8,1023.3,0
2025-02-24,Toronto,Canada,1.5,89.1,8.4,1015.2,0
2025-02-25,New York,USA,5.7,58.5,7.4,1020.8,0
2025-02-25,London,UK,3.6,72.1,5.3,1010.4,0
2025-02-25,Tokyo,Japan,10.3,74.1,4.1,1015.3,0
2025-02-25,Singapore,Singapore,26.9,73.2,0.2,1003.8,0
2025-02-25,Sydney,Australia,11.1,61.2,2.2,1025.1,0
2025-02-25,Cairo,Egypt,14.5,45.3,9.0,1012.2,0
2025-02-25,São Paulo,Brazil,19.3,86.4,2.1,999.5,0
2025-02-25,Toronto,Canada,-1.7,70.6,8.5,1022.3,0
2025-02-26,New York,USA,5.7,74.6,8.0,1026.6,0
2025-02-26,London,UK,2.0,91.2,4.6,1012.1,0
2025-02-26,Tokyo,Japan,8.2,69.9,1.0,1009.3,0
2025-02-26,Singapore,Singapore,17.6,91.1,0,1002.9,0
2025-02-26,Sydney,Australia,14.0,61.9,6.1,1024.6,0
2025-02-26,Cairo,Egypt,12.8,42.6,1.7,1014.3,0
2025-02-26,São Paulo,Brazil,13.1,73.0,2.9,1016.1,7.6
2025-02-26,Toronto,Canada,1.7,71.8,3.1,1013.6,0
2025-02-27,New York,USA,5.2,72.6,3.0,1013.8,0
2025-02-27,London,UK,8.8,86.8,4.5,1005.0,0
2025-02-27,Tokyo,Japan,4.1,85.8,7.0,1010.4,0
2025-02-27,Singapore,Singapore,29.5,94.6,3.2,1006.9,0
2025-02-27,Sydney,Australia,15.1,73.4,7.5,1013.1,13.3
2025-02-27,Cairo,Egypt,15.8,41.4,4.3,1014.5,0
2025-02-27,São Paulo,Brazil,13.3,64.4,4.6,1014.8,0
2025-02-27,Toronto,Canada,-2.4,68.6,4.2,1020.9,0
2025-02-28,New York,USA,6.5,73.4,7.8,1012.7,0
2025-02-28,London,UK,9.4,69.0,8.5,1008.4,0
2025-02-28,Tokyo,Japan,7.6,61.7,9.1,1014.6,0
2025-02-28,Singapore,Singapore,31.1,81.6,5.2,999.7,1.6
2025-02-28,Sydney,Australia,11.3,52.6,2.9,1012.4,17.0
2025-02-28,Cairo,Egypt,16.1,49.2,4.6,1015.3,0
2025-02-28,São Paulo,Brazil,18.9,67.4,4.6,1014.5,0
2025-02-28,Toronto,Canada,-2.2,66.4,8.9,1025.0,0
2025-03-01,New York,USA,0.7,79.2,4.6,1020.2,0
2025-03-01,London,UK,6.5,75.0,3.8,1013.6,0
2025-03-01,Tokyo,Japan,9.2,69.3,4.5,1008.1,0
2025-03-01,Singapore,Singapore,23.2,98.7,4.7,1009.2,0
2025-03-01,Sydney,Australia,17.6,71.1,0.2,1011.3,0
2025-03-01,Cairo,Egypt,16.7,43.7,7.0,1012.9,0
2025-03-01,São Paulo,Brazil,14.1,87.4,2.2,1011.0,0
2025-03-01,Toronto,Canada,-3.1,76.7,3.8,1000.1,9.4
2025-03-02,New York,USA,6.5,57.8,4.2,1021.6,0
2025-03-02,London,UK,2.2,79.6,6.1,1013.6,0
2025-03-02,Tokyo,Japan,6.4,62.5,3.6,1004.8,0
2025-03-02,Singapore,Singapore,27.7,85.8,1.1,1021.5,0
2025-03-02,Sydney,Australia,14.8,48.1,6.7,1005.9,0
2025-03-02,Cairo,Egypt,15.2,47.1,4.7,1014.0,0
2025-03-02,São Paulo,Brazil,13.1,80.2,5.4,1017.2,23.6
2025-03-02,Toronto,Canada,2.2,83.8,4.5,995.0,0
2025-03-03,New York,USA,4.4,65.4,4.3,1011.3,0
2025-03-03,London,UK,4.5,78.4,5.1,1016.2,0
2025-03-03,Tokyo,Japan,9.9,69.4,6.8,1010.3,0
2025-03-03,Singapore,Singapore,29.6,71.7,4.1,1009.6,0
2025-03-03,Sydney,Australia,14.7,65.3,7.2,1022.6,0
2025-03-03,Cairo,Egypt,17.1,33.5,0.9,1010.1,0
2025-03-03,São Paulo,Brazil,19.7,79.2,0.5,1009.9,0
2025-03-03,Toronto,Canada,0.4,72.0,6.4,1013.4,0
2025-03-04,New York,USA,1.3,62.2,8.5,1023.4,0
2025-03-04,London,UK,10.5,75.7,3.4,1017.0,0
2025-03-04,Tokyo,Japan,13.6,73.1,2.8,1001.1,4.0
2025-03-04,Singapore,Singapore,26.0,74.7,3.1,1001.1,0
2025-03-04,Sydney,Australia,10.7,64.9,6.9,1023.5,0
2025-03-04,Cairo,Egypt,17.1,59.5,6.2,1006.8,0
2025-03-04,São Paulo,Brazil,21.7,78.6,3.7,1007.2,0
2025-03-04,Toronto,Canada,-1.3,63.6,6.2,1029.2,0
2025-03-05,New York,USA,-0.6,61.3,0.6,1009.1,0
2025-03-05,London,UK,10.4,89.4,6.9,1027.8,0
2025-03-05,Tokyo,Japan,14.6,86.6,6.0,1009.8,0
2025-03-05,Singapore,Singapore,28.0,95.5,0,1007.3,0
2025-03-05,Sydney,Australia,13.9,74.8,6.1,1015.5,0
2025-03-05,Cairo,Egypt,14.4,55.3,3.5,1007.3,0
2025-03-05,São Paulo,Brazil,15.9,78.3,3.9,1015.6,4.1
2025-03-05,Toronto,Canada,3.6,77.7,3.2,1017.3,0
2025-03-06,New York,USA,-1.3,69.7,2.9,1010.0,0
2025-03-06,London,UK,6.0,73.0,3.7,1009.7,19.7
2025-03-06,Tokyo,Japan,9.5,78.9,9.0,1012.6,0
2025-03-06,Singapore,Singapore,27.6,91.2,3.3,1009.4,18.6
2025-03-06,Sydney,Australia,8.2,75.4,5.2,1022.0,0
2025-03-06,Cairo,Egypt,14.7,50.6,4.7,1012.5,0
2025-03-06,São Paulo,Brazil,20.2,62.1,3.6,1013.1,0
2025-03-06,Toronto,Canada,-0.1,74.3,5.5,1011.8,0
2025-03-07,New York,USA,7.1,69.4,2.5,1005.9,9.9
2025-03-07,London,UK,10.5,74.8,3.5,1013.7,13.9
2025-03-07,Tokyo,Japan,12.7,71.2,0.7,1007.2,1.5
2025-03-07,Singapore,Singapore,29.2,81.7,3.4,1012.5,4.1
2025-03-07,Sydney,Australia,8.0,67.4,3.2,1007.3,1.9
2025-03-07,Cairo,Egypt,14.5,59.7,5.8,1000.9,0
2025-03-07,São Paulo,Brazil,18.1,85.3,1.7,1000.6,0
2025-03-07,Toronto,Canada,0.6,56.3,6.0,1020.2,0
2025-03-08,New York,USA,7.6,57.2,4.2,1011.9,0
2025-03-08,London,UK,10.7,76.3,3.2,990.9,0
2025-03-08,Tokyo,Japan,16.1,75.3,1.9,1007.0,0
2025-03-08,Singapore,Singapore,27.1,82.0,4.1,1017.9,0
2025-03-08,Sydney,Australia,17.9,55.5,5.7,1024.9,0
2025-03-08,Cairo,Egypt,17.5,42.8,3.3,1023.4,0
2025-03-08,São Paulo,Brazil,16.0,81.6,3.3,1004.6,0
2025-03-08,Toronto,Canada,-0.4,78.1,5.4,1014.1,0
2025-03-09,New York,USA,5.1,65.8,9.4,1012.2,0
2025-03-09,London,UK,8.1,99,5.7,1006.4,0
2025-03-09,Tokyo,Japan,11.1,83.1,8.4,1017.8,0
2025-03-09,Singapore,Singapore,26.0,82.3,5.8,1007.3,0
2025-03-09,Sydney,Australia,16.7,45.4,3.3,1007.1,0
2025-03-09,Cairo,Egypt,15.8,38.1,3.6,1009.6,0
2025-03-09,São Paulo,Brazil,19.7,66.1,1.1,1013.1,14.6
2025-03-09,Toronto,Canada,2.5,64.6,3.3,1013.7,0
2025-03-10,New York,USA,3.5,78.4,9.1,1011.5,0
2025-03-10,London,UK,8.1,84.3,5.8,1011.3,11.2
2025-03-10,Tokyo,Japan,15.8,71.1,2.0,1005.0,0
2025-03-10,Singapore,Singapore,24.5,97.0,0,1006.2,0
2025-03-10,Sydney,Australia,17.3,57.9,5.1,1013.6,0
2025-03-10,Cairo,Egypt,11.9,42.9,8.6,1010.0,0
2025-03-10,São Paulo,Brazil,16.2,82.3,6.2,1015.7,0
2025-03-10,Toronto,Canada,3.7,75.6,4.9,1022.0,0
2025-03-11,New York,USA,6.3,74.9,4.6,1014.7,0
2025-03-11,London,UK,10.0,82.6,7.7,1013.5,8.5
2025-03-11,Tokyo,Japan,11.5,74.5,4.5,1009.4,0
2025-03-11,Singapore,Singapore,25.3,78.5,5.8,1006.6,7.4
2025-03-11,Sydney,Australia,12.5,80.7,5.3,1034.2,0
2025-03-11,Cairo,Egypt,17.0,46.4,5.1,1009.9,0
2025-03-11,São Paulo,Brazil,21.2,79.5,0.5,1013.0,2.9
2025-03-11,Toronto,Canada,-0.8,70.5,5.1,1007.1,0
2025-03-12,New York,USA,9.1,78.1,0.1,1000.3,0
2025-03-12,London,UK,9.5,75.3,4.8,1011.5,0
2025-03-12,Tokyo,Japan,16.7,88.4,8.6,1017.4,0
2025-03-12,Singapore,Singapore,27.5,85.0,5.9,1015.2,0
2025-03-12,Sydney,Australia,16.9,69.7,2.1,1010.5,0
2025-03-12,Cairo,Egypt,22.6,33.8,6.8,1018.7,0
2025-03-12,São Paulo,Brazil,19.5,88.7,2.8,1013.3,0
2025-03-12,Toronto,Canada,0.9,76.0,4.5,1016.2,0
2025-03-13,New York,USA,10.3,53.3,6.6,1020.2,0
2025-03-13,London,UK,9.4,82.8,6.2,1014.1,0
2025-03-13,Tokyo,Japan,9.0,80.5,3.3,1005.7,1.9
2025-03-13,Singapore,Singapore,24.3,87.0,4.4,1015.0,0
2025-03-13,Sydney,Australia,12.1,81.6,0,1025.4,0
2025-03-13,Cairo,Egypt,15.3,52.3,4.3,1013.8,0
2025-03-13,São Paulo,Brazil,13.3,81.8,3.4,1019.8,5.8
2025-03-13,Toronto,Canada,1.9,77.9,1.8,1024.5,0
2025-03-14,New York,USA,12.0,74.6,8.5,1010.8,0
2025-03-14,London,UK,2.8,89.6,7.8,1017.7,0
2025-03-14,Tokyo,Japan,8.1,62.0,8.5,1014.9,4.4
2025-03-14,Singapore,Singapore,29.4,87.0,2.0,1004.1,0
2025-03-14,Sydney,Australia,14.0,67.0,2.2,1026.5,0
2025-03-14,Cairo,Egypt,22.9,32.8,5.6,1021.7,0
2025-03-14,São Paulo,Brazil,18.1,78.0,4.4,1011.8,0
2025-03-14,Toronto,Canada,1.7,72.8,5.2,1018.9,0
2025-03-15,New York,USA,9.6,73.6,4.2,1012.6,0
2025-03-15,London,UK,7.0,81.6,10.6,1011.3,0
2025-03-15,Tokyo,Japan,8.7,99,0.9,1013.3,0
2025-03-15,Singapore,Singapore,26.8,69.7,0,1005.4,5.0
2025-03-15,Sydney,Australia,12.9,60.9,5.7,1022.3,0
2025-03-15,Cairo,Egypt,17.6,50.5,6.1,1015.7,0
2025-03-15,São Paulo,Brazil,17.5,68.5,4.4,1018.0,6.4
2025-03-15,Toronto,Canada,2.6,70.2,9.0,1002.9,0
2025-03-16,New York,USA,8.4,65.6,5.0,1010.5,1.6
2025-03-16,London,UK,10.3,77.1,6.8,1005.9,0
2025-03-16,Tokyo,Japan,16.1,74.8,2.4,1015.7,0
2025-03-16,Singapore,Singapore,27.3,92.8,4.2,1004.2,0
2025-03-16,Sydney,Australia,12.6,68.9,3.2,1010.1,0.8
2025-03-16,Cairo,Egypt,20.3,62.4,6.5,1008.9,0
2025-03-16,São Paulo,Brazil,16.0,75.4,1.7,1018.8,0
2025-03-16,Toronto,Canada,2.2,76.8,6.7,1020.3,8.7
2025-03-17,New York,USA,4.4,78.7,8.1,1006.4,0
2025-03-17,London,UK,5.1,82.9,7.0,1008.3,0
2025-03-17,Tokyo,Japan,12.9,57.7,4.3,1007.5,7.7
2025-03-17,Singapore,Singapore,27.5,90.2,5.0,1018.9,19.3
2025-03-17,Sydney,Australia,17.7,54.4,1.5,1026.6,10.9
2025-03-17,Cairo,Egypt,24.6,46.1,4.1,1015.5,0
2025-03-17,São Paulo,Brazil,21.5,71.5,2.7,1013.7,0
2025-03-17,Toronto,Canada,-0.5,64.9,1.7,1013.8,0
2025-03-18,New York,USA,-0.3,74.5,3.8,1010.9,0
2025-03-18,London,UK,7.4,65.3,5.5,1003.1,0
2025-03-18,Tokyo,Japan,16.5,75.1,5.1,1014.9,4.9
2025-03-18,Singapore,Singapore,23.3,87.5,0,1006.3,0
2025-03-18,Sydney,Australia,17.8,78.3,3.5,1000.8,21.7
2025-03-18,Cairo,Egypt,17.8,40.7,3.4,1015.3,0
2025-03-18,São Paulo,Brazil,20.4,66.1,0,1012.5,8.7
2025-03-18,Toronto,Canada,-0.4,69.5,5.2,1020.9,0
2025-03-19,New York,USA,1.6,62.7,3.5,1020.5,0
2025-03-19,London,UK,11.0,81.8,0.7,1023.7,0
2025-03-19,Tokyo,Japan,7.7,72.4,1.9,1009.3,0
2025-03-19,Singapore,Singapore,26.1,85.3,1.8,1008.4,0
2025-03-19,Sydney,Australia,20.7,60.1,7.9,1017.7,0
2025-03-19,Cairo,Egypt,21.4,16.6,0.2,1011.2,0
2025-03-19,São Paulo,Brazil,18.9,65.6,0.8,1014.0,0
2025-03-19,Toronto,Canada,4.4,70.0,6.3,1012.8,0
2025-03-20,New York,USA,11.4,69.7,1.0,1019.3,0
2025-03-20,London,UK,17.5,80.6,4.4,1007.6,10.1
2025-03-20,Tokyo,Japan,11.5,66.3,4.6,1011.3,0
2025-03-20,Singapore,Singapore,29.4,83.7,2.9,1013.6,0
2025-03-20,Sydney,Australia,23.2,54.9,8.6,1019.4,0
2025-03-20,Cairo,Egypt,23.1,38.5,0,1009.9,0
2025-03-20,São Paulo,Brazil,22.0,77.5,1.1,1014.4,0.0
2025-03-20,Toronto,Canada,5.5,58.5,5.4,1018.7,0
2025-03-21,New York,USA,6.8,74.1,3.9,1017.9,0
2025-03-21,London,UK,7.7,75.2,7.2,1014.6,9.3
2025-03-21,Tokyo,Japan,13.2,52.8,3.8,1015.4,4.4
2025-03-21,Singapore,Singapore,26.8,83.5,5.8,1019.5,0
2025-03-21,Sydney,Australia,18.6,54.3,1.8,1015.5,8.8
2025-03-21,Cairo,Egypt,21.3,43.0,6.1,1019.1,0
2025-03-21,São Paulo,Brazil,13.8,79.7,0.8,1014.7,0
2025-03-21,Toronto,Canada,-2.1,70.0,1.3,1013.9,0
2025-03-22,New York,USA,13.2,58.8,12.0,1013.0,0
2025-03-22,London,UK,11.2,81.8,4.7,1007.1,15.8
2025-03-22,Tokyo,Japan,17.0,76.1,8.0,1011.6,1.5
2025-03-22,Singapore,Singapore,24.9,80.5,0.1,999.2,0
2025-03-22,Sydney,Australia,17.7,66.7,4.4,1011.0,0
2025-03-22,Cairo,Egypt,17.7,49.5,2.5,1009.5,0
2025-03-22,São Paulo,Brazil,15.6,83.2,0,1015.9,0
2025-03-22,Toronto,Canada,-1.4,80.3,1.9,1018.7,0
2025-03-23,New York,USA,10.0,52.2,0.3,1005.6,0
2025-03-23,London,UK,17.7,69.2,4.3,1012.9,0
2025-03-23,Tokyo,Japan,15.9,66.7,7.0,1008.4,0
2025-03-23,Singapore,Singapore,26.2,88.1,3.7,1011.3,7.9
2025-03-23,Sydney,Australia,14.4,59.5,5.8,1017.1,0
2025-03-23,Cairo,Egypt,20.6,49.6,4.2,1004.7,0
2025-03-23,São Paulo,Brazil,14.0,85.2,2.4,1015.7,0
2025-03-23,Toronto,Canada,-0.1,75.7,6.0,1010.8,0
2025-03-24,New York,USA,10.3,64.6,8.9,1005.1,0
2025-03-24,London,UK,12.6,77.3,5.7,1005.6,0
2025-03-24,Tokyo,Japan,18.2,61.9,3.4,1013.1,0
2025-03-24,Singapore,Singapore,26.0,86.6,1.8,1012.5,0
2025-03-24,Sydney,Australia,15.1,58.8,7.8,1021.9,0
2025-03-24,Cairo,Egypt,18.4,48.6,6.1,1000.5,0
2025-03-24,São Paulo,Brazil,15.1,90.2,2.6,1007.6,0
2025-03-24,Toronto,Canada,6.5,75.5,3.9,1010.0,0
2025-03-25,New York,USA,8.9,71.5,6.2,1014.9,0
2025-03-25,London,UK,8.3,78.9,10.4,1018.8,0
2025-03-25,Tokyo,Japan,18.9,87.6,1.4,1010.2,0
2025-03-25,Singapore,Singapore,26.2,75.0,3.4,1010.9,8.9
2025-03-25,Sydney,Australia,13.7,61.4,5.1,1017.0,0
2025-03-25,Cairo,Egypt,21.3,50.5,2.6,1010.5,0
2025-03-25,São Paulo,Brazil,19.8,75.1,3.8,1009.6,0
2025-03-25,Toronto,Canada,7.8,62.0,0.1,1027.9,0
2025-03-26,New York,USA,11.0,53.6,0.6,1002.3,0
2025-03-26,London,UK,12.3,83.5,6.5,1006.7,9.6
2025-03-26,Tokyo,Japan,15.8,60.2,8.2,1006.9,0
2025-03-26,Singapore,Singapore,26.9,89.5,3.8,995.9,9.5
2025-03-26,Sydney,Australia,17.6,59.4,0.8,1010.0,0
2025-03-26,Cairo,Egypt,17.0,61.4,3.4,1005.2,0
2025-03-26,São Paulo,Brazil,20.1,73.5,4.7,1014.0,0
2025-03-26,Toronto,Canada,13.5,70.0,3.7,1017.9,17.4
2025-03-27,New York,USA,8.5,74.4,8.3,1023.8,0
2025-03-27,London,UK,9.0,76.1,9.9,1014.9,15.2
2025-03-27,Tokyo,Japan,11.7,67.4,5.3,1013.8,4.4
2025-03-27,Singapore,Singapore,23.3,91.0,2.5,1010.3,0
2025-03-27,Sydney,Australia,16.5,69.0,4.9,1021.3,0
2025-03-27,Cairo,Egypt,22.4,46.7,5.0,1008.9,0
2025-03-27,São Paulo,Brazil,17.5,79.3,4.0,1028.7,0
2025-03-27,Toronto,Canada,11.4,56.2,4.2,1002.2,3.2
2025-03-28,New York,USA,10.8,69.4,6.4,1020.4,0
2025-03-28,London,UK,15.0,72.8,6.8,1013.6,0
2025-03-28,Tokyo,Japan,14.9,77.1,2.3,1012.5,0
2025-03-28,Singapore,Singapore,31.4,73.4,3.2,1009.2,0
2025-03-28,Sydney,Australia,13.6,57.1,5.9,1013.5,0
2025-03-28,Cairo,Egypt,21.7,45.2,0.5,1002.8,0
2025-03-28,São Paulo,Brazil,23.3,66.6,3.6,1000.0,0
2025-03-28,Toronto,Canada,7.4,71.5,6.8,1023.8,0
2025-03-29,New York,USA,10.0,65.6,2.6,1008.7,0
2025-03-29,London,UK,13.9,70.5,5.5,1025.5,0
2025-03-29,Tokyo,Japan,14.1,74.6,4.9,1004.7,0
2025-03-29,Singapore,Singapore,21.2,89.2,1.6,1014.6,0
2025-03-29,Sydney,Australia,19.7,56.6,2.8,1006.2,5.8
2025-03-29,Cairo,Egypt,25.9,47.6,0.2,1012.8,0
2025-03-29,São Paulo,Brazil,19.3,69.6,2.6,1016.0,13.6
2025-03-29,Toronto,Canada,10.1,78.9,0.2,1012.9,0
2025-03-30,New York,USA,11.9,71.1,0.9,1026.8,0
2025-03-30,London,UK,7.2,75.0,5.8,1002.3,6.4
2025-03-30,Tokyo,Japan,17.6,73.9,1.8,1018.7,0
2025-03-30,Singapore,Singapore,26.6,79.2,4.1,1012.9,0
2025-03-30,Sydney,Australia,18.0,67.7,5.6,1015.9,5.8
2025-03-30,Cairo,Egypt,22.9,36.3,6.9,1008.8,0
2025-03-30,São Paulo,Brazil,18.2,69.0,2.7,1010.6,0
2025-03-30,Toronto,Canada,4.6,66.3,12.3,1016.9,0
2025-03-31,New York,USA,14.1,56.5,2.5,997.2,0
2025-03-31,London,UK,9.1,74.5,8.2,1009.2,0
2025-03-31,Tokyo,Japan,17.2,69.3,3.9,1016.6,0
2025-03-31,Singapore,Singapore,27.8,81.2,3.5,1014.0,0
2025-03-31,Sydney,Australia,15.5,50.1,9.6,1012.1,0
2025-03-31,Cairo,Egypt,23.7,39.1,3.5,1022.0,0
2025-03-31,São Paulo,Brazil,20.6,62.9,5.4,1009.4,0
2025-03-31,Toronto,Canada,9.5,82.1,10.3,1028.6,0
2025-04-01,New York,USA,10.4,75.4,4.5,1016.5,0
2025-04-01,London,UK,9.2,92.4,6.0,1014.7,0
2025-04-01,Tokyo,Japan,9.2,63.8,10.4,1002.0,0
2025-04-01,Singapore,Singapore,26.8,87.5,0.9,994.0,2.1
2025-04-01,Sydney,Australia,13.4,68.0,0.4,1005.7,0
2025-04-01,Cairo,Egypt,14.9,45.5,3.3,1018.8,0
2025-04-01,São Paulo,Brazil,22.6,71.9,1.9,1016.7,0
2025-04-01,Toronto,Canada,11.3,66.7,2.1,1011.1,8.3
2025-04-02,New York,USA,14.5,77.5,1.5,1024.5,0
2025-04-02,London,UK,13.6,76.9,3.1,1008.7,0
2025-04-02,Tokyo,Japan,15.9,73.1,6.6,1011.1,0
2025-04-02,Singapore,Singapore,34.3,79.5,4.2,1007.7,0
2025-04-02,Sydney,Australia,23.3,53.4,7.3,1022.8,0
2025-04-02,Cairo,Egypt,17.8,52.4,5.6,1008.2,0
2025-04-02,São Paulo,Brazil,18.7,67.9,0.2,1005.4,3.7
2025-04-02,Toronto,Canada,13.4,74.0,6.5,1022.7,0
2025-04-03,New York,USA,10.1,72.8,4.2,1019.2,0
2025-04-03,London,UK,7.4,81.6,3.6,1002.8,0
2025-04-03,Tokyo,Japan,16.3,66.5,4.2,999.5,0
2025-04-03,Singapore,Singapore,34.3,86.1,0,1000.4,0
2025-04-03,Sydney,Australia,22.8,78.5,6.7,1016.9,0
2025-04-03,Cairo,Egypt,20.6,37.4,2.8,1017.1,0
2025-04-03,São Paulo,Brazil,23.5,60.3,2.9,1024.5,0
2025-04-03,Toronto,Canada,8.1,63.3,5.4,1028.0,0
2025-04-04,New York,USA,11.7,51.6,5.5,1026.7,0
2025-04-04,London,UK,9.5,67.9,2.1,1006.4,22.4
2025-04-04,Tokyo,Japan,19.0,65.7,2.0,1002.6,0
2025-04-04,Singapore,Singapore,31.6,79.0,7.8,1011.4,0
2025-04-04,Sydney,Australia,22.7,53.0,6.9,1022.9,0
2025-04-04,Cairo,Egypt,21.9,49.7,4.0,1015.4,0
2025-04-04,São Paulo,Brazil,19.0,67.8,1.3,1011.4,0
2025-04-04,Toronto,Canada,11.8,66.8,4.3,1003.5,0
2025-04-05,New York,USA,15.5,59.6,0.7,1015.4,0
2025-04-05,London,UK,10.7,88.6,2.8,1006.8,0
2025-04-05,Tokyo,Japan,16.1,62.1,8.6,1010.9,0
2025-04-05,Singapore,Singapore,28.0,81.8,1.1,991.3,12.8
2025-04-05,Sydney,Australia,11.3,62.7,9.7,1019.0,0
2025-04-05,Cairo,Egypt,21.6,45.0,0.9,1001.5,0
2025-04-05,São Paulo,Brazil,21.3,70.9,1.3,1013.5,0
2025-04-05,Toronto,Canada,15.2,78.1,2.3,1018.3,0
2025-04-06,New York,USA,10.6,69.5,3.1,1002.3,0
2025-04-06,London,UK,12.2,84.4,0.8,1026.0,18.8
2025-04-06,Tokyo,Japan,19.7,71.7,7.1,1009.8,13.2
2025-04-06,Singapore,Singapore,31.0,89.4,2.6,1009.2,11.2
2025-04-06,Sydney,Australia,20.0,70.7,7.9,1018.2,0
2025-04-06,Cairo,Egypt,26.8,42.0,2.5,1015.7,0
2025-04-06,São Paulo,Brazil,19.4,64.2,2.3,1008.7,13.1
2025-04-06,Toronto,Canada,13.6,64.7,4.7,1011.6,0
2025-04-07,New York,USA,11.0,64.5,5.2,1022.0,0
2025-04-07,London,UK,11.3,84.6,6.1,1023.0,7.4
2025-04-07,Tokyo,Japan,18.6,65.2,1.2,1011.9,0
2025-04-07,Singapore,Singapore,32.0,89.6,7.4,1007.0,6.1
2025-04-07,Sydney,Australia,23.4,45.9,2.3,1009.4,0
2025-04-07,Cairo,Egypt,20.1,57.0,3.6,1010.6,0
2025-04-07,São Paulo,Brazil,17.5,69.1,2.8,1017.8,11.7
2025-04-07,Toronto,Canada,12.8,64.8,5.3,1019.6,0
2025-04-08,New York,USA,17.4,59.2,6.0,1016.5,0
2025-04-08,London,UK,9.7,75.2,5.9,1007.5,0
2025-04-08,Tokyo,Japan,18.5,64.5,2.2,1021.4,0
2025-04-08,Singapore,Singapore,28.6,85.9,1.9,1003.2,0
2025-04-08,Sydney,Australia,20.8,57.6,7.8,1014.3,0
2025-04-08,Cairo,Egypt,22.3,43.3,2.8,1018.2,0
2025-04-08,São Paulo,Brazil,22.3,80.8,2.2,1021.8,0
2025-04-08,Toronto,Canada,11.2,54.8,5.2,1005.2,0
2025-04-09,New York,USA,12.6,63.9,6.1,1003.1,0
2025-04-09,London,UK,15.5,89.3,1.1,1009.1,10.0
2025-04-09,Tokyo,Japan,19.9,63.1,1.3,1009.1,16.6
2025-04-09,Singapore,Singapore,26.4,92.9,3.3,1015.9,0
2025-04-09,Sydney,Australia,15.7,59.0,3.6,1019.3,0
2025-04-09,Cairo,Egypt,26.3,38.7,2.9,1008.7,0
2025-04-09,São Paulo,Brazil,26.3,49.8,2.1,1019.1,0
2025-04-09,Toronto,Canada,13.4,50.0,4.3,1022.1,0
2025-04-10,New York,USA,17.5,59.3,8.7,1019.8,0
2025-04-10,London,UK,11.9,74.2,5.8,1010.8,2.6
2025-04-10,Tokyo,Japan,17.7,58.7,2.7,1006.9,0
2025-04-10,Singapore,Singapore,26.8,75.4,4.4,1010.3,0
2025-04-10,Sydney,Australia,22.0,51.2,3.4,1022.3,3.8
2025-04-10,Cairo,Egypt,22.9,35.0,8.2,1011.7,0
2025-04-10,São Paulo,Brazil,20.6,81.3,0.2,1013.0,0
2025-04-10,Toronto,Canada,9.4,78.1,4.5,1008.6,0
2025-04-11,New York,USA,9.0,69.8,5.1,1013.2,0
2025-04-11,London,UK,17.0,95.6,6.8,1019.5,0
2025-04-11,Tokyo,Japan,17.8,57.3,3.3,1009.1,19.4
2025-04-11,Singapore,Singapore,31.3,66.6,1.3,1004.7,0
2025-04-11,Sydney,Australia,17.6,55.1,7.3,1017.9,0
2025-04-11,Cairo,Egypt,21.3,41.0,3.4,1009.8,0
2025-04-11,São Paulo,Brazil,20.3,76.8,1.9,1016.0,0
2025-04-11,Toronto,Canada,11.3,75.1,7.4,1017.0,7.0
2025-04-12,New York,USA,15.8,63.5,4.3,1019.5,0
2025-04-12,London,UK,6.3,85.9,6.7,1005.6,0
2025-04-12,Tokyo,Japan,13.1,72.1,7.7,1023.4,0
2025-04-12,Singapore,Singapore,26.0,87.0,3.8,1009.6,0
2025-04-12,Sydney,Australia,19.3,60.2,7.3,1015.5,14.0
2025-04-12,Cairo,Egypt,22.9,32.2,5.2,1009.2,0
2025-04-12,São Paulo,Brazil,20.0,62.5,3.7,1031.9,7.3
2025-04-12,Toronto,Canada,5.6,74.8,3.9,1013.5,6.2
2025-04-13,New York,USA,17.4,54.6,3.8,1013.6,0
2025-04-13,London,UK,12.6,68.2,7.9,1012.7,0
2025-04-13,Tokyo,Japan,15.8,66.2,2.7,1022.8,0
2025-04-13,Singapore,Singapore,29.8,87.3,5.9,998.5,0
2025-04-13,Sydney,Australia,15.0,49.1,7.9,1006.1,22.8
2025-04-13,Cairo,Egypt,18.8,50.7,2.7,1008.6,0
2025-04-13,São Paulo,Brazil,17.1,75.5,0,1011.2,10.1
2025-04-13,Toronto,Canada,11.7,65.3,5.3,1016.3,0
2025-04-14,New York,USA,12.6,74.6,4.2,1017.0,0
2025-04-14,London,UK,16.6,72.5,0.7,1011.3,3.9
2025-04-14,Tokyo,Japan,18.1,77.6,1.2,1009.7,15.8
2025-04-14,Singapore,Singapore,23.6,83.9,0,1018.7,0
2025-04-14,Sydney,Australia,18.9,53.5,6.2,1013.5,4.5
2025-04-14,Cairo,Egypt,23.8,46.3,5.8,1012.5,0
2025-04-14,São Paulo,Brazil,20.4,75.0,3.1,1008.7,7.5
2025-04-14,Toronto,Canada,10.4,67.2,0.8,1008.1,0
2025-04-15,New York,USA,16.0,74.8,7.2,1012.2,0
2025-04-15,London,UK,11.1,76.8,7.3,1002.9,0
2025-04-15,Tokyo,Japan,23.0,66.8,0.9,1007.3,0
2025-04-15,Singapore,Singapore,29.0,95.6,3.9,1009.0,0
2025-04-15,Sydney,Australia,20.3,67.9,7.3,1010.5,9.5
2025-04-15,Cairo,Egypt,24.6,19.0,9.7,1012.2,0
2025-04-15,São Paulo,Brazil,19.6,78.1,5.8,1015.9,0
2025-04-15,Toronto,Canada,19.3,74.4,4.3,1009.1,0
2025-04-16,New York,USA,19.5,66.5,6.9,1018.6,6.6
2025-04-16,London,UK,11.6,96.0,3.9,1010.3,0
2025-04-16,Tokyo,Japan,20.3,71.7,5.1,1005.1,0
2025-04-16,Singapore,Singapore,26.0,92.5,1.7,1002.1,4.6
2025-04-16,Sydney,Australia,18.7,53.7,4.2,1008.2,3.8
2025-04-16,Cairo,Egypt,25.3,52.2,4.0,1019.6,0
2025-04-16,São Paulo,Brazil,17.3,76.4,2.7,1012.3,0
2025-04-16,Toronto,Canada,13.3,67.4,9.7,1010.8,17.0
2025-04-17,New York,USA,16.3,63.6,7.2,1011.1,0
2025-04-17,London,UK,12.8,70.9,4.6,1015.5,0
2025-04-17,Tokyo,Japan,18.2,71.0,5.5,1022.9,0
2025-04-17,Singapore,Singapore,27.1,85.1,3.8,1000.3,0
2025-04-17,Sydney,Australia,19.5,57.5,6.0,1014.1,0
2025-04-17,Cairo,Egypt,24.7,21.7,3.7,1014.0,0
2025-04-17,São Paulo,Brazil,24.6,62.8,2.0,1009.1,0
2025-04-17,Toronto,Canada,10.8,76.7,3.5,1014.4,0
2025-04-18,New York,USA,21.5,67.6,2.4,1010.7,9.8
2025-04-18,London,UK,12.9,80.6,5.6,1007.5,0
2025-04-18,Tokyo,Japan,19.2,61.1,2.8,1026.0,0
2025-04-18,Singapore,Singapore,32.6,88.0,1.5,1005.6,0
2025-04-18,Sydney,Australia,21.0,55.6,3.0,1017.0,2.6
2025-04-18,Cairo,Egypt,23.6,43.7,2.4,1010.1,0
2025-04-18,São Paulo,Brazil,20.4,83.0,0,1014.3,0
2025-04-18,Toronto,Canada,17.7,63.5,3.4,1014.3,0
2025-04-19,New York,USA,12.6,53.5,6.1,1020.0,10.7
2025-04-19,London,UK,16.3,80.0,3.5,1017.5,0
2025-04-19,Tokyo,Japan,20.8,54.5,2.2,1008.5,0
2025-04-19,Singapore,Singapore,27.6,95.3,2.6,1007.4,14.4
2025-04-19,Sydney,Australia,23.3,48.4,2.7,1012.7,15.3
2025-04-19,Cairo,Egypt,28.4,48.6,2.9,1017.5,0
2025-04-19,São Paulo,Brazil,24.1,86.8,5.8,1019.3,0
2025-04-19,Toronto,Canada,17.7,55.3,8.1,1019.6,0
2025-04-20,New York,USA,22.1,52.2,1.9,1015.9,0
2025-04-20,London,UK,13.0,79.4,4.2,1018.8,0
2025-04-20,Tokyo,Japan,21.3,68.0,3.0,1010.2,0
2025-04-20,Singapore,Singapore,26.9,83.2,5.0,1006.1,14.3
2025-04-20,Sydney,Australia,24.1,62.5,5.9,1015.8,0
2025-04-20,Cairo,Egypt,26.6,50.8,1.5,1018.2,0
2025-04-20,São Paulo,Brazil,18.6,76.3,1.8,1030.8,0
2025-04-20,Toronto,Canada,11.7,62.0,6.4,1014.4,0
2025-04-21,New York,USA,16.0,71.4,3.7,1017.6,0
2025-04-21,London,UK,10.0,67.4,5.1,1004.5,0
2025-04-21,Tokyo,Japan,20.0,56.0,4.1,1024.2,0
2025-04-21,Singapore,Singapore,23.1,99,5.0,1007.3,0
2025-04-21,Sydney,Australia,22.4,44.5,7.4,1019.9,0
2025-04-21,Cairo,Egypt,27.5,28.4,4.6,1005.5,0
2025-04-21,São Paulo,Brazil,15.1,83.4,0.8,1012.5,1.6
2025-04-21,Toronto,Canada,12.4,67.8,7.6,1022.2,0
2025-04-22,New York,USA,11.4,52.4,5.4,1025.5,0
2025-04-22,London,UK,13.9,77.1,2.8,1002.4,16.3
2025-04-22,Tokyo,Japan,24.6,64.6,3.7,1015.7,0
2025-04-22,Singapore,Singapore,28.2,84.1,4.3,1004.1,14.2
2025-04-22,Sydney,Australia,20.8,73.8,2.6,1020.9,0
2025-04-22,Cairo,Egypt,23.5,40.1,6.7,1000.9,0
2025-04-22,São Paulo,Brazil,19.2,69.3,4.7,1004.6,0
2025-04-22,Toronto,Canada,9.8,52.6,5.6,1013.3,0
2025-04-23,New York,USA,17.1,65.5,6.5,1010.6,6.8
2025-04-23,London,UK,16.9,75.5,10.4,1019.0,0
2025-04-23,Tokyo,Japan,20.3,75.3,4.6,1016.5,0
2025-04-23,Singapore,Singapore,25.0,90.7,3.6,1011.0,0
2025-04-23,Sydney,Australia,23.3,45.1,4.7,1020.1,0
2025-04-23,Cairo,Egypt,31.8,37.2,5.0,1010.4,0
2025-04-23,São Paulo,Brazil,24.5,62.4,5.5,1008.5,0
2025-04-23,Toronto,Canada,14.9,69.3,2.2,1016.8,0
2025-04-24,New York,USA,27.6,58.8,1.9,1000.2,0
2025-04-24,London,UK,15.1,74.6,5.5,1013.2,4.2
2025-04-24,Tokyo,Japan,18.7,62.0,5.0,1016.8,18.2
2025-04-24,Singapore,Singapore,29.9,95.2,1.0,1005.8,0
2025-04-24,Sydney,Australia,20.1,49.3,5.6,1004.5,15.0
2025-04-24,Cairo,Egypt,26.2,42.0,4.0,1006.2,0
2025-04-24,São Paulo,Brazil,20.9,72.1,1.0,1011.5,0
2025-04-24,Toronto,Canada,18.2,62.1,3.7,1015.4,0
2025-04-25,New York,USA,19.9,72.4,5.5,1012.6,0
2025-04-25,London,UK,11.5,73.3,7.4,1006.7,0
2025-04-25,Tokyo,Japan,21.0,63.4,0.4,1015.2,0
2025-04-25,Singapore,Singapore,34.8,88.3,4.9,1007.1,29.2
2025-04-25,Sydney,Australia,18.2,62.8,2.4,1012.5,0
2025-04-25,Cairo,Egypt,31.8,40.9,3.2,1017.5,0
2025-04-25,São Paulo,Brazil,21.5,64.6,0,1009.0,10.4
2025-04-25,Toronto,Canada,18.9,52.6,5.6,1010.9,0
2025-04-26,New York,USA,23.9,62.8,7.8,1020.0,0
2025-04-26,London,UK,14.8,83.1,7.6,1012.5,0
2025-04-26,Tokyo,Japan,26.1,62.2,0,1010.2,1.9
2025-04-26,Singapore,Singapore,24.8,94.0,2.6,1015.5,0
2025-04-26,Sydney,Australia,13.0,61.4,9.6,1016.3,0
2025-04-26,Cairo,Egypt,27.1,43.8,4.8,1008.4,0
2025-04-26,São Paulo,Brazil,19.1,85.0,3.3,1011.7,0
2025-04-26,Toronto,Canada,15.1,71.3,3.7,1012.9,0
2025-04-27,New York,USA,13.6,67.0,2.5,1011.2,0
2025-04-27,London,UK,13.4,85.3,5.6,1017.1,4.6
2025-04-27,Tokyo,Japan,20.6,80.0,8.8,1008.4,0
2025-04-27,Singapore,Singapore,34.1,73.5,6.2,1013.1,0
2025-04-27,Sydney,Australia,22.9,45.1,2.6,1020.3,0
2025-04-27,Cairo,Egypt,26.5,23.5,4.0,1015.9,0
2025-04-27,São Paulo,Brazil,18.5,59.8,0,1012.7,0
2025-04-27,Toronto,Canada,15.2,59.3,2.7,1009.2,0
2025-04-28,New York,USA,22.8,45.5,3.8,1016.1,0
2025-04-28,London,UK,16.2,73.6,5.5,1015.1,0
2025-04-28,Tokyo,Japan,25.1,65.9,2.0,1002.3,0
2025-04-28,Singapore,Singapore,28.0,87.1,3.2,1016.6,0
2025-04-28,Sydney,Australia,22.1,58.5,8.7,1016.2,0
2025-04-28,Cairo,Egypt,21.3,46.8,2.9,1012.9,0
2025-04-28,São Paulo,Brazil,22.7,78.8,3.5,1023.1,0
2025-04-28,Toronto,Canada,20.0,56.5,7.0,1010.6,0
2025-04-29,New York,USA,20.0,49.1,4.2,1019.0,2.1
2025-04-29,London,UK,14.1,68.8,9.4,1006.0,0
2025-04-29,Tokyo,Japan,20.6,67.0,5.1,1009.6,0
2025-04-29,Singapore,Singapore,25.3,80.1,3.5,1009.5,0
2025-04-29,Sydney,Australia,20.1,62.7,5.3,1008.0,0
2025-04-29,Cairo,Egypt,26.6,26.2,4.0,1017.2,0
2025-04-29,São Paulo,Brazil,23.2,63.5,2.5,1009.2,0
2025-04-29,Toronto,Canada,15.7,80.5,5.0,1007.1,0
2025-04-30,New York,USA,21.7,53.8,4.5,1026.5,0
2025-04-30,London,UK,17.4,72.8,1.9,1016.4,0
2025-04-30,Tokyo,Japan,22.1,50.1,9.0,1012.8,5.7
2025-04-30,Singapore,Singapore,30.4,93.6,2.4,1007.8,0
2025-04-30,Sydney,Australia,20.8,44.3,1.0,1011.6,16.5
2025-04-30,Cairo,Egypt,22.6,40.2,5.0,1009.7,0
2025-04-30,São Paulo,Brazil,25.3,67.1,5.6,1006.0,0
2025-04-30,Toronto,Canada,17.7,55.6,0.9,1009.3,0
2025-05-01,New York,USA,21.2,56.9,7.0,1016.1,0
2025-05-01,London,UK,12.8,87.3,1.7,998.6,0
2025-05-01,Tokyo,Japan,20.8,78.3,5.1,995.1,0
2025-05-01,Singapore,Singapore,36.1,80.8,1.6,1011.3,17.9
2025-05-01,Sydney,Australia,19.9,66.7,4.3,1018.6,0
2025-05-01,Cairo,Egypt,27.3,35.5,8.3,1021.2,0
2025-05-01,São Paulo,Brazil,20.6,72.2,1.7,1013.8,14.9
2025-05-01,Toronto,Canada,20.2,69.0,7.2,1018.0,0
2025-05-02,New York,USA,16.6,55.9,5.8,1006.9,0
2025-05-02,London,UK,12.7,68.8,6.4,1016.4,0
2025-05-02,Tokyo,Japan,24.9,63.1,2.4,1014.7,0
2025-05-02,Singapore,Singapore,23.7,77.0,4.9,1015.3,0
2025-05-02,Sydney,Australia,19.8,50.9,4.1,1017.3,0
2025-05-02,Cairo,Egypt,33.6,41.3,4.4,1024.7,0
2025-05-02,São Paulo,Brazil,21.4,86.6,1.6,1009.1,0
2025-05-02,Toronto,Canada,20.5,54.2,7.3,1009.5,6.5
2025-05-03,New York,USA,22.0,53.2,6.8,1010.0,12.9
2025-05-03,London,UK,17.0,84.6,5.2,1007.9,0
2025-05-03,Tokyo,Japan,21.5,61.7,2.3,1009.8,0
2025-05-03,Singapore,Singapore,31.0,93.9,4.6,992.3,0.6
2025-05-03,Sydney,Australia,18.9,60.2,8.1,1030.5,0
2025-05-03,Cairo,Egypt,30.4,34.9,4.8,1016.3,0
2025-05-03,São Paulo,Brazil,27.0,67.0,0,1018.4,11.2
2025-05-03,Toronto,Canada,23.9,55.4,2.7,1015.6,0
2025-05-04,New York,USA,19.2,62.8,4.0,1011.6,0
2025-05-04,London,UK,13.9,80.0,5.3,1017.5,0
2025-05-04,Tokyo,Japan,28.1,44.1,2.2,1013.2,0
2025-05-04,Singapore,Singapore,23.8,82.4,2.9,1019.6,4.1
2025-05-04,Sydney,Australia,22.4,48.9,6.6,1017.2,0
2025-05-04,Cairo,Egypt,30.1,41.1,7.7,1021.2,0
2025-05-04,São Paulo,Brazil,22.7,74.4,0,1008.0,21.6
2025-05-04,Toronto,Canada,16.4,44.7,4.7,1007.5,14.4
2025-05-05,New York,USA,21.3,62.2,6.1,1018.3,0
2025-05-05,London,UK,11.1,73.2,4.8,1000.5,1.0
2025-05-05,Tokyo,Japan,24.2,71.2,4.4,1014.3,0
2025-05-05,Singapore,Singapore,26.2,90.0,4.6,1005.4,0
2025-05-05,Sydney,Australia,18.5,61.8,0,1027.0,0
2025-05-05,Cairo,Egypt,26.5,37.6,5.1,1014.8,0
2025-05-05,São Paulo,Brazil,20.3,68.0,1.6,1011.9,0
2025-05-05,Toronto,Canada,27.4,60.2,2.2,1011.8,0
2025-05-06,New York,USA,16.6,63.3,4.4,1018.9,0
2025-05-06,London,UK,9.5,82.4,5.7,1007.3,14.2
2025-05-06,Tokyo,Japan,18.5,86.2,8.8,1000.3,0
2025-05-06,Singapore,Singapore,27.8,94.7,1.8,1004.7,0
2025-05-06,Sydney,Australia,23.8,65.2,4.2,1013.6,0
2025-05-06,Cairo,Egypt,30.8,46.0,1.6,1018.9,6.9
2025-05-06,São Paulo,Brazil,21.0,72.1,0,1013.2,0
2025-05-06,Toronto,Canada,21.1,50.5,8.3,1017.3,5.1
2025-05-07,New York,USA,24.4,59.5,3.4,1029.1,0
2025-05-07,London,UK,11.8,83.8,4.5,1014.7,0
2025-05-07,Tokyo,Japan,22.3,77.1,1.8,1005.4,0
2025-05-07,Singapore,Singapore,34.1,93.4,2.1,1001.2,0
2025-05-07,Sydney,Australia,22.7,61.3,2.5,1007.2,0
2025-05-07,Cairo,Egypt,30.2,41.0,3.5,1005.0,0
2025-05-07,São Paulo,Brazil,22.7,71.3,3.0,1009.2,0
2025-05-07,Toronto,Canada,16.8,71.4,6.3,1014.8,10.8
2025-05-08,New York,USA,23.7,59.6,0.8,1019.6,0
2025-05-08,London,UK,12.6,77.8,5.1,1006.7,2.7
2025-05-08,Tokyo,Japan,22.9,71.4,0.8,1010.2,0
2025-05-08,Singapore,Singapore,30.2,86.9,5.5,1007.6,0
2025-05-08,Sydney,Australia,25.1,62.4,3.6,1017.0,0
2025-05-08,Cairo,Egypt,24.9,46.6,8.8,1008.7,0
2025-05-08,São Paulo,Brazil,23.5,69.3,6.2,1015.3,0
2025-05-08,Toronto,Canada,16.0,60.7,4.0,1004.6,2.6
2025-05-09,New York,USA,19.8,62.7,7.1,1014.0,9.2
2025-05-09,London,UK,11.8,89.1,4.5,1011.2,0
2025-05-09,Tokyo,Japan,19.7,77.4,4.8,1009.2,6.5
2025-05-09,Singapore,Singapore,28.9,92.8,3.3,1009.9,0
2025-05-09,Sydney,Australia,23.4,56.1,4.7,1021.3,0
2025-05-09,Cairo,Egypt,36.1,46.0,3.6,1012.4,0
2025-05-09,São Paulo,Brazil,21.5,75.0,1.8,1019.7,0
2025-05-09,Toronto,Canada,21.0,62.6,8.1,1006.5,0
2025-05-10,New York,USA,18.3,63.0,0.7,1016.8,0
2025-05-10,London,UK,15.8,75.3,9.6,1001.0,4.3
2025-05-10,Tokyo,Japan,25.1,69.1,6.1,1007.1,0
2025-05-10,Singapore,Singapore,34.1,74.1,6.8,1006.7,11.4
2025-05-10,Sydney,Australia,18.2,71.8,6.5,1029.1,0
2025-05-10,Cairo,Egypt,33.0,39.4,3.8,1016.0,0
2025-05-10,São Paulo,Brazil,25.2,70.6,1.3,1007.7,0
2025-05-10,Toronto,Canada,21.5,57.5,5.4,1013.7,13.5
2025-05-11,New York,USA,20.5,68.3,5.5,1022.4,0
2025-05-11,London,UK,19.4,68.9,2.8,1010.6,0
2025-05-11,Tokyo,Japan,23.4,69.6,5.4,1016.7,0
2025-05-11,Singapore,Singapore,30.7,67.5,7.8,1015.0,0
2025-05-11,Sydney,Australia,23.0,60.2,0,1009.6,0
2025-05-11,Cairo,Egypt,31.7,43.0,6.9,1003.8,0
2025-05-11,São Paulo,Brazil,19.8,79.2,1.4,1007.9,0
2025-05-11,Toronto,Canada,20.7,66.4,6.9,1004.4,0
2025-05-12,New York,USA,24.3,60.4,5.9,1018.9,0
2025-05-12,London,UK,21.8,73.6,5.5,1010.9,0
2025-05-12,Tokyo,Japan,24.0,68.9,5.8,1018.4,0
2025-05-12,Singapore,Singapore,25.5,90.4,8.6,1008.4,0
2025-05-12,Sydney,Australia,22.0,52.6,5.5,1017.3,0
2025-05-12,Cairo,Egypt,28.5,31.5,4.2,1017.1,0
2025-05-12,São Paulo,Brazil,21.0,61.2,5.0,1011.3,0
2025-05-12,Toronto,Canada,24.3,44.4,9.9,1015.8,5.4
2025-05-13,New York,USA,29.8,45.9,4.2,1006.0,0
2025-05-13,London,UK,17.5,71.1,5.5,1019.5,10.3
2025-05-13,Tokyo,Japan,26.3,61.3,5.3,1014.8,0
2025-05-13,Singapore,Singapore,33.3,78.6,2.9,1004.6,0
2025-05-13,Sydney,Australia,22.3,63.4,5.7,1018.6,0
2025-05-13,Cairo,Egypt,29.6,52.8,1.5,1018.3,0
2025-05-13,São Paulo,Brazil,22.2,80.6,4.0,1020.6,0
2025-05-13,Toronto,Canada,23.2,70.2,5.8,1010.5,2.2
2025-05-14,New York,USA,25.4,64.0,3.8,1016.4,0
2025-05-14,London,UK,18.0,82.7,10.5,1014.3,0
2025-05-14,Tokyo,Japan,24.1,69.5,1.5,1012.2,12.4
2025-05-14,Singapore,Singapore,28.6,99,2.4,1018.6,0
2025-05-14,Sydney,Australia,18.1,60.6,2.1,1009.1,0
2025-05-14,Cairo,Egypt,32.4,32.0,4.9,1018.8,0
2025-05-14,São Paulo,Brazil,25.6,67.9,5.9,1022.9,0
2025-05-14,Toronto,Canada,24.0,62.3,4.1,1016.6,20.5
2025-05-15,New York,USA,26.4,52.2,6.9,1020.1,9.3
2025-05-15,London,UK,14.4,85.6,3.1,1009.1,0
2025-05-15,Tokyo,Japan,28.9,72.4,0,1006.0,11.4
2025-05-15,Singapore,Singapore,28.5,86.0,1.8,1011.9,0
2025-05-15,Sydney,Australia,17.3,57.4,4.2,1017.5,0
2025-05-15,Cairo,Egypt,33.7,33.4,1.4,1007.3,0
2025-05-15,São Paulo,Brazil,22.8,77.6,6.5,1006.9,0
2025-05-15,Toronto,Canada,25.5,47.5,7.0,1020.4,12.2
2025-05-16,New York,USA,21.9,61.8,2.6,1014.4,0
2025-05-16,London,UK,21.4,73.0,7.8,1017.4,13.0
2025-05-16,Tokyo,Japan,25.5,71.1,7.0,1011.7,0
2025-05-16,Singapore,Singapore,33.5,78.5,0.6,1015.0,1.5
2025-05-16,Sydney,Australia,22.8,64.1,7.1,1014.3,0
2025-05-16,Cairo,Egypt,32.8,59.3,6.6,1005.3,0
2025-05-16,São Paulo,Brazil,30.5,76.7,4.1,1004.9,0
2025-05-16,Toronto,Canada,22.4,65.9,2.3,1017.0,0
2025-05-17,New York,USA,27.5,49.2,2.0,1007.4,0
2025-05-17,London,UK,15.2,75.9,10.7,1008.1,0
2025-05-17,Tokyo,Japan,26.1,59.2,6.9,1016.0,0
2025-05-17,Singapore,Singapore,29.1,90.6,5.2,1007.8,0
2025-05-17,Sydney,Australia,24.7,63.3,6.6,1013.3,0
2025-05-17,Cairo,Egypt,31.7,38.5,10.1,1015.7,0
2025-05-17,São Paulo,Brazil,21.2,70.7,1.0,1017.0,0
2025-05-17,Toronto,Canada,26.2,44.7,3.3,1016.0,0
2025-05-18,New York,USA,24.3,60.3,3.7,1011.2,6.7
2025-05-18,London,UK,15.0,88.8,15.2,1007.3,0
2025-05-18,Tokyo,Japan,23.9,63.3,5.2,1015.6,0
2025-05-18,Singapore,Singapore,29.9,79.8,4.1,1004.9,0
2025-05-18,Sydney,Australia,27.1,61.9,5.7,1008.6,0
2025-05-18,Cairo,Egypt,33.0,48.5,2.0,1011.2,0
2025-05-18,São Paulo,Brazil,20.3,87.0,1.8,1011.9,0
2025-05-18,Toronto,Canada,21.5,60.4,3.2,1012.2,0
2025-05-19,New York,USA,28.6,49.1,3.4,1023.7,0
2025-05-19,London,UK,16.4,60.8,2.3,1015.7,0
2025-05-19,Tokyo,Japan,23.5,73.6,2.5,1015.1,9.0
2025-05-19,Singapore,Singapore,29.6,82.6,4.4,1001.3,0
2025-05-19,Sydney,Australia,21.9,77.4,7.0,1011.0,0
2025-05-19,Cairo,Egypt,32.3,33.3,9.2,1019.6,0
2025-05-19,São Paulo,Brazil,23.8,60.6,2.9,1005.2,0
2025-05-19,Toronto,Canada,21.5,42.1,3.0,1035.4,0
2025-05-20,New York,USA,25.4,66.6,2.6,1010.8,18.6
2025-05-20,London,UK,15.2,83.8,6.2,1014.7,0
2025-05-20,Tokyo,Japan,23.3,63.0,2.4,1010.5,0
2025-05-20,Singapore,Singapore,28.2,82.7,0,1008.2,9.3
2025-05-20,Sydney,Australia,25.7,49.3,3.4,1018.0,0
2025-05-20,Cairo,Egypt,26.7,37.7,0.8,1010.6,0
2025-05-20,São Paulo,Brazil,23.9,81.7,5.0,1010.6,0
2025-05-20,Toronto,Canada,20.7,50.8,2.2,1023.6,0
2025-05-21,New York,USA,25.6,60.1,1.2,1012.5,0
2025-05-21,London,UK,20.1,68.2,6.0,1006.7,0
2025-05-21,Tokyo,Japan,25.4,74.0,5.9,1010.6,7.6
2025-05-21,Singapore,Singapore,25.6,85.1,5.2,1004.6,0
2025-05-21,Sydney,Australia,24.2,73.3,3.4,1016.1,0
2025-05-21,Cairo,Egypt,28.8,39.7,5.1,1011.0,0
2025-05-21,São Paulo,Brazil,24.0,86.7,3.3,1023.3,0
2025-05-21,Toronto,Canada,25.0,55.7,9.4,1015.4,0
2025-05-22,New York,USA,27.3,65.9,3.2,1018.0,0
2025-05-22,London,UK,20.7,75.6,4.0,1010.7,0
2025-05-22,Tokyo,Japan,25.4,74.6,4.0,1017.3,0
2025-05-22,Singapore,Singapore,25.4,86.6,0,999.2,0
2025-05-22,Sydney,Australia,26.6,49.0,7.1,1011.4,15.1
2025-05-22,Cairo,Egypt,34.1,35.4,3.6,1019.4,0
2025-05-22,São Paulo,Brazil,24.9,78.7,3.2,1024.3,0
2025-05-22,Toronto,Canada,20.9,60.2,3.3,1021.5,0
2025-05-23,New York,USA,27.5,51.7,5.8,1013.0,0
2025-05-23,London,UK,19.0,79.6,4.8,1014.7,0
2025-05-23,Tokyo,Japan,25.3,72.4,6.8,1014.7,0
2025-05-23,Singapore,Singapore,22.7,96.9,6.5,1012.8,7.5
2025-05-23,Sydney,Australia,26.4,58.0,4.3,1025.2,0
2025-05-23,Cairo,Egypt,33.6,44.5,4.9,1008.3,0
2025-05-23,São Paulo,Brazil,22.3,69.2,0.7,1012.2,0
2025-05-23,Toronto,Canada,26.0,49.8,3.2,1019.8,19.8
2025-05-24,New York,USA,27.1,54.9,5.4,1023.2,0
2025-05-24,London,UK,17.1,74.2,5.6,1011.1,13.6
2025-05-24,Tokyo,Japan,29.7,51.1,7.2,1010.9,0
2025-05-24,Singapore,Singapore,29.4,76.3,6.8,1020.1,9.1
2025-05-24,Sydney,Australia,23.4,58.9,2.5,1013.6,0
2025-05-24,Cairo,Egypt,33.0,48.7,3.2,1016.6,0
2025-05-24,São Paulo,Brazil,20.9,77.4,0,1009.2,0
2025-05-24,Toronto,Canada,26.2,56.5,7.6,1020.5,0
2025-05-25,New York,USA,25.1,58.1,3.9,1015.6,3.3
2025-05-25,London,UK,18.6,75.8,3.8,1004.7,8.3
2025-05-25,Tokyo,Japan,24.9,65.5,4.6,1006.6,0
2025-05-25,Singapore,Singapore,30.5,70.6,1.7,996.6,0
2025-05-25,Sydney,Australia,24.5,62.4,2.4,1018.3,6.9
2025-05-25,Cairo,Egypt,32.8,16.7,4.9,1005.0,0
2025-05-25,São Paulo,Brazil,21.6,85.0,2.7,1021.2,3.5
2025-05-25,Toronto,Canada,25.6,47.8,9.8,1012.0,0
2025-05-26,New York,USA,25.3,52.7,5.5,1014.6,5.6
2025-05-26,London,UK,20.2,63.9,7.0,1006.4,0
2025-05-26,Tokyo,Japan,24.6,50.7,1.9,1019.8,15.9
2025-05-26,Singapore,Singapore,25.6,94.5,1.7,1011.5,9.1
2025-05-26,Sydney,Australia,29.4,59.4,3.0,1014.8,10.9
2025-05-26,Cairo,Egypt,26.9,31.9,2.5,1006.3,0
2025-05-26,São Paulo,Brazil,26.9,77.5,0,1014.4,3.2
2025-05-26,Toronto,Canada,22.7,62.2,6.3,1021.6,0
2025-05-27,New York,USA,23.3,43.6,6.2,1017.1,11.5
2025-05-27,London,UK,18.0,67.6,7.2,1015.3,0
2025-05-27,Tokyo,Japan,31.4,51.5,6.4,1019.2,0
2025-05-27,Singapore,Singapore,27.6,72.2,5.8,1000.2,0
2025-05-27,Sydney,Australia,23.7,64.7,6.8,1015.8,0
2025-05-27,Cairo,Egypt,34.1,36.5,7.3,1015.3,0
2025-05-27,São Paulo,Brazil,28.1,53.6,2.5,1011.1,0
2025-05-27,Toronto,Canada,24.5,67.3,4.5,1024.2,0
2025-05-28,New York,USA,24.9,61.0,5.1,1017.2,0
2025-05-28,London,UK,19.2,80.2,8.8,1014.6,1.2
2025-05-28,Tokyo,Japan,28.8,66.3,4.2,1012.1,0
2025-05-28,Singapore,Singapore,35.9,79.7,0,1015.0,0
2025-05-28,Sydney,Australia,24.0,37.7,2.9,1012.0,0
2025-05-28,Cairo,Egypt,36.8,41.2,3.1,1014.2,0
2025-05-28,São Paulo,Brazil,29.8,69.8,2.1,1014.6,0
2025-05-28,Toronto,Canada,28.0,52.6,7.6,1009.4,0
2025-05-29,New York,USA,30.3,48.8,4.0,1013.4,0
2025-05-29,London,UK,19.6,81.8,4.3,1009.8,0
2025-05-29,Tokyo,Japan,25.3,63.4,2.3,1005.2,0
2025-05-29,Singapore,Singapore,28.8,88.3,4.5,1007.3,0
2025-05-29,Sydney,Australia,23.4,61.0,4.8,1012.8,4.2
2025-05-29,Cairo,Egypt,33.2,38.8,0,1007.5,0
2025-05-29,São Paulo,Brazil,27.7,71.0,3.4,1012.9,0
2025-05-29,Toronto,Canada,24.8,67.2,6.4,1022.3,0
2025-05-30,New York,USA,25.2,61.0,2.9,1017.6,0
2025-05-30,London,UK,11.2,81.7,3.3,1005.3,0
2025-05-30,Tokyo,Japan,29.8,63.9,2.7,1009.3,0
2025-05-30,Singapore,Singapore,30.3,75.9,9.4,1007.8,0
2025-05-30,Sydney,Australia,17.5,66.0,8.6,1011.2,0
2025-05-30,Cairo,Egypt,31.1,31.2,4.6,1019.6,0
2025-05-30,São Paulo,Brazil,23.7,80.2,0.2,1017.9,0
2025-05-30,Toronto,Canada,25.6,54.3,4.3,1016.8,0
2025-05-31,New York,USA,25.7,71.3,4.4,1009.1,0
2025-05-31,London,UK,14.8,93.8,3.5,1016.0,0
2025-05-31,Tokyo,Japan,25.5,56.9,2.3,1018.3,0.5
2025-05-31,Singapore,Singapore,28.5,86.6,3.7,1008.2,0
2025-05-31,Sydney,Australia,24.5,67.1,4.4,1014.1,0
2025-05-31,Cairo,Egypt,33.3,36.0,0.0,1011.9,0
2025-05-31,São Paulo,Brazil,24.2,69.4,2.9,1009.7,0
2025-05-31,Toronto,Canada,27.7,69.5,2.1,1014.1,0
2025-06-01,New York,USA,29.1,59.0,4.3,1005.5,0
2025-06-01,London,UK,16.5,64.2,7.3,1012.7,3.0
2025-06-01,Tokyo,Japan,25.5,58.9,4.3,1007.7,0.3
2025-06-01,Singapore,Singapore,30.2,81.7,4.7,1016.4,0
2025-06-01,Sydney,Australia,22.0,47.7,5.8,1019.2,0
2025-06-01,Cairo,Egypt,37.5,32.5,0.9,1018.8,0
2025-06-01,São Paulo,Brazil,19.6,80.3,5.6,1009.6,0
2025-06-01,Toronto,Canada,29.0,56.3,12.8,1018.1,0
2025-06-02,New York,USA,29.9,50.9,3.0,1019.1,21.7
2025-06-02,London,UK,19.9,68.1,8.9,998.5,0
2025-06-02,Tokyo,Japan,26.4,77.9,5.1,1004.1,13.5
2025-06-02,Singapore,Singapore,33.1,82.9,3.9,1012.5,0.8
2025-06-02,Sydney,Australia,20.7,68.8,7.2,1011.3,0
2025-06-02,Cairo,Egypt,38.2,38.9,10.1,1018.1,0
2025-06-02,São Paulo,Brazil,27.1,66.1,2.9,1013.2,0
2025-06-02,Toronto,Canada,26.6,63.6,2.8,1018.8,0
2025-06-03,New York,USA,32.1,60.6,7.0,1017.3,11.7
2025-06-03,London,UK,21.5,60.3,8.6,1007.8,0
2025-06-03,Tokyo,Japan,31.4,73.5,5.3,1003.0,0
2025-06-03,Singapore,Singapore,30.1,80.2,3.7,1004.8,6.1
2025-06-03,Sydney,Australia,25.5,52.1,8.0,1020.2,0
2025-06-03,Cairo,Egypt,29.6,36.2,1.3,1005.7,0
2025-06-03,São Paulo,Brazil,24.6,67.5,0.4,1017.3,0
2025-06-03,Toronto,Canada,26.9,52.7,3.1,1009.9,0
2025-06-04,New York,USA,24.5,52.6,2.8,1010.7,0
2025-06-04,London,UK,21.1,95.5,8.6,1012.9,14.0
2025-06-04,Tokyo,Japan,22.7,67.5,2.9,1010.0,0
2025-06-04,Singapore,Singapore,25.4,86.8,1.1,1007.3,14.3
2025-06-04,Sydney,Australia,23.6,66.8,2.6,1006.2,0
2025-06-04,Cairo,Egypt,32.0,28.2,8.6,1021.3,0
2025-06-04,São Paulo,Brazil,24.8,73.9,1.0,1004.6,0
2025-06-04,Toronto,Canada,26.7,60.8,1.6,1017.1,0
2025-06-05,New York,USA,28.2,55.2,0.6,1011.3,0
2025-06-05,London,UK,19.3,79.5,2.3,1012.2,0
2025-06-05,Tokyo,Japan,30.9,59.1,4.3,1018.4,0
2025-06-05,Singapore,Singapore,29.9,82.0,2.9,1004.8,0
2025-06-05,Sydney,Australia,22.6,65.2,10.4,1006.8,4.5
2025-06-05,Cairo,Egypt,35.8,30.0,1.6,1018.4,0
2025-06-05,São Paulo,Brazil,23.9,83.8,2.9,1014.0,9.1
2025-06-05,Toronto,Canada,32.8,56.8,7.9,1024.1,0
2025-06-06,New York,USA,25.2,48.2,1.7,1016.1,0
2025-06-06,London,UK,17.8,86.7,7.9,1011.4,3.7
2025-06-06,Tokyo,Japan,30.1,68.4,4.8,1009.0,0
2025-06-06,Singapore,Singapore,31.4,77.2,4.7,1011.6,0
2025-06-06,Sydney,Australia,30.9,61.1,3.1,1017.3,0
2025-06-06,Cairo,Egypt,34.0,32.4,7.7,1009.5,0
2025-06-06,São Paulo,Brazil,23.3,69.0,1.9,1013.2,8.3
2025-06-06,Toronto,Canada,26.4,59.4,5.8,1012.5,0
2025-06-07,New York,USA,28.8,61.9,4.7,1024.9,0
2025-06-07,London,UK,18.8,73.4,5.0,1006.8,10.3
2025-06-07,Tokyo,Japan,31.2,73.8,1.9,1006.3,0
2025-06-07,Singapore,Singapore,26.8,88.9,2.9,1008.9,0
2025-06-07,Sydney,Australia,26.7,56.3,7.2,1012.0,0
2025-06-07,Cairo,Egypt,29.2,47.4,0.4,1019.9,0
2025-06-07,São Paulo,Brazil,27.4,58.5,1.0,1012.8,0
2025-06-07,Toronto,Canada,27.8,56.1,4.6,1026.5,8.5
2025-06-08,New York,USA,30.3,56.2,8.1,1020.0,0
2025-06-08,London,UK,24.9,65.2,9.1,1017.6,12.8
2025-06-08,Tokyo,Japan,27.4,57.2,0.2,1000.3,0
2025-06-08,Singapore,Singapore,30.0,72.8,5.0,1000.3,0
2025-06-08,Sydney,Australia,23.8,57.0,1.2,1019.7,2.1
2025-06-08,Cairo,Egypt,34.5,43.5,3.8,1013.4,0
2025-06-08,São Paulo,Brazil,27.9,69.0,0,1017.0,0
2025-06-08,Toronto,Canada,22.4,58.8,10.9,1021.7,0
2025-06-09,New York,USA,31.0,53.2,10.9,1009.9,14.0
2025-06-09,London,UK,24.6,69.2,5.9,1010.6,0
2025-06-09,Tokyo,Japan,33.1,70.5,1.9,1018.6,0
2025-06-09,Singapore,Singapore,35.9,75.3,4.4,1006.2,3.8
2025-06-09,Sydney,Australia,28.8,64.0,2.6,1019.9,0
2025-06-09,Cairo,Egypt,38.4,34.7,4.8,998.2,0
2025-06-09,São Paulo,Brazil,25.2,56.8,4.8,1009.2,0
2025-06-09,Toronto,Canada,24.7,59.0,3.8,1015.6,0
2025-06-10,New York,USA,27.4,51.9,1.0,1016.7,0
2025-06-10,London,UK,18.2,82.1,6.2,1011.7,0
2025-06-10,Tokyo,Japan,25.6,68.2,2.7,1007.9,0
2025-06-10,Singapore,Singapore,25.3,86.8,7.4,1006.3,11.7
2025-06-10,Sydney,Australia,28.4,63.7,6.9,1025.9,0
2025-06-10,Cairo,Egypt,31.9,36.1,8.3,1017.1,0
2025-06-10,São Paulo,Brazil,28.3,63.9,7.9,1014.6,0
2025-06-10,Toronto,Canada,27.9,45.1,9.3,1020.3,0
2025-06-11,New York,USA,28.3,37.6,5.8,1011.2,0
2025-06-11,London,UK,16.8,73.6,8.2,1020.9,0
2025-06-11,Tokyo,Japan,27.6,77.1,0,1002.5,0
2025-06-11,Singapore,Singapore,31.6,74.3,0,1010.9,0
2025-06-11,Sydney,Australia,36.3,53.8,6.9,1006.6,0
2025-06-11,Cairo,Egypt,30.5,49.8,3.7,1008.3,0
2025-06-11,São Paulo,Brazil,22.2,69.3,2.0,1011.5,0
2025-06-11,Toronto,Canada,25.7,56.5,6.3,1012.9,0
2025-06-12,New York,USA,31.7,44.2,4.0,1019.7,0
2025-06-12,London,UK,15.1,81.4,9.4,1025.5,0
2025-06-12,Tokyo,Japan,26.3,63.2,3.3,1006.9,0
2025-06-12,Singapore,Singapore,30.5,76.0,5.7,1009.9,2.6
2025-06-12,Sydney,Australia,23.9,52.6,9.2,1015.3,0
2025-06-12,Cairo,Egypt,37.8,62.6,2.4,1002.6,0
2025-06-12,São Paulo,Brazil,24.4,75.3,3.5,1016.4,0
2025-06-12,Toronto,Canada,34.4,61.5,9.9,1013.0,0
2025-06-13,New York,USA,27.8,56.9,5.4,1023.2,0
2025-06-13,London,UK,19.2,73.0,3.8,1012.9,0
2025-06-13,Tokyo,Japan,29.5,60.0,3.1,1013.0,10.4
2025-06-13,Singapore,Singapore,29.2,89.5,2.5,1011.6,15.3
2025-06-13,Sydney,Australia,23.6,63.2,1.1,1019.6,6.3
2025-06-13,Cairo,Egypt,36.2,38.4,5.9,1021.1,1.2
2025-06-13,São Paulo,Brazil,22.3,58.1,3.2,1019.0,2.1
2025-06-13,Toronto,Canada,25.8,39.0,3.9,1011.4,0
2025-06-14,New York,USA,31.6,54.4,5.5,1015.0,0
2025-06-14,London,UK,21.6,72.3,5.0,1013.5,0
2025-06-14,Tokyo,Japan,33.7,42.1,0,1005.8,0
2025-06-14,Singapore,Singapore,27.2,88.0,2.6,1006.9,0
2025-06-14,Sydney,Australia,21.5,69.4,3.0,1011.3,0
2025-06-14,Cairo,Egypt,39.2,43.1,6.1,1006.9,0
2025-06-14,São Paulo,Brazil,24.1,63.5,2.7,1004.3,8.1
2025-06-14,Toronto,Canada,31.3,55.7,5.6,1012.1,0
2025-06-15,New York,USA,31.0,69.0,4.5,1018.2,0
2025-06-15,London,UK,18.1,68.3,4.6,1005.0,0
2025-06-15,Tokyo,Japan,29.8,42.9,0.3,1006.4,0
2025-06-15,Singapore,Singapore,28.2,88.2,6.6,1010.6,0
2025-06-15,Sydney,Australia,21.2,47.7,2.1,1018.0,0
2025-06-15,Cairo,Egypt,39.8,33.5,2.9,1019.2,0
2025-06-15,São Paulo,Brazil,27.2,73.6,3.5,1006.7,6.3
2025-06-15,Toronto,Canada,25.3,66.8,3.1,1015.5,0
2025-06-16,New York,USA,31.9,56.2,2.0,1015.9,0
2025-06-16,London,UK,18.0,61.6,5.7,1007.1,0
2025-06-16,Tokyo,Japan,34.2,68.7,2.3,1011.1,0
2025-06-16,Singapore,Singapore,28.1,91.4,3.5,1011.9,0
2025-06-16,Sydney,Australia,21.1,68.0,4.5,1017.6,0
2025-06-16,Cairo,Egypt,34.3,24.3,2.6,1009.8,0
2025-06-16,São Paulo,Brazil,26.0,68.2,2.4,1009.1,0
2025-06-16,Toronto,Canada,27.2,52.2,2.7,1017.3,0
2025-06-17,New York,USA,28.4,50.3,3.7,1007.2,0
2025-06-17,London,UK,18.1,81.0,4.8,1003.6,2.9
2025-06-17,Tokyo,Japan,27.3,66.3,0.4,1015.3,3.5
2025-06-17,Singapore,Singapore,30.5,92.8,4.6,1004.5,6.8
2025-06-17,Sydney,Australia,25.5,53.7,6.9,1030.5,0
2025-06-17,Cairo,Egypt,40.6,42.8,6.7,1008.3,0
2025-06-17,São Paulo,Brazil,23.7,68.7,0,1006.9,0
2025-06-17,Toronto,Canada,31.8,53.2,8.3,1008.9,0
2025-06-18,New York,USA,28.2,52.4,2.6,1015.0,0
2025-06-18,London,UK,17.5,83.9,6.3,1005.0,0
2025-06-18,Tokyo,Japan,31.8,53.3,3.7,1017.5,0
2025-06-18,Singapore,Singapore,33.6,79.3,0,1020.2,0
2025-06-18,Sydney,Australia,21.8,51.9,6.3,1017.3,11.2
2025-06-18,Cairo,Egypt,35.2,47.0,1.7,1006.8,0
2025-06-18,São Paulo,Brazil,22.8,80.9,3.0,1012.8,1.6
2025-06-18,Toronto,Canada,27.4,54.7,7.6,1012.2,0
2025-06-19,New York,USA,29.0,48.2,6.5,1014.5,5.9
2025-06-19,London,UK,22.9,66.7,6.9,1012.6,8.4
2025-06-19,Tokyo,Japan,30.8,62.0,3.3,1008.1,0
2025-06-19,Singapore,Singapore,24.9,79.0,4.2,1019.8,7.6
2025-06-19,Sydney,Australia,27.9,51.7,1.8,1007.2,0
2025-06-19,Cairo,Egypt,36.6,41.1,0.6,1010.6,0
2025-06-19,São Paulo,Brazil,29.8,74.2,2.9,1017.2,0
2025-06-19,Toronto,Canada,30.2,49.6,3.4,1028.2,0
2025-06-20,New York,USA,29.5,51.8,3.2,1018.8,0
2025-06-20,London,UK,21.4,70.7,2.6,1008.7,0
2025-06-20,Tokyo,Japan,35.0,51.1,0.1,1006.2,0
2025-06-20,Singapore,Singapore,26.4,74.4,2.1,995.2,0
2025-06-20,Sydney,Australia,29.3,63.2,7.3,1019.1,0
2025-06-20,Cairo,Egypt,38.3,29.2,3.4,1008.4,0
2025-06-20,São Paulo,Brazil,30.9,71.6,6.1,1001.9,5.4
2025-06-20,Toronto,Canada,29.7,58.4,3.3,1014.4,0
2025-06-21,New York,USA,27.4,66.1,5.3,1008.2,1.1
2025-06-21,London,UK,17.2,59.6,9.1,1003.7,1.5
2025-06-21,Tokyo,Japan,25.1,67.1,6.6,1014.3,0
2025-06-21,Singapore,Singapore,28.1,84.3,0.3,1016.5,8.9
2025-06-21,Sydney,Australia,24.9,42.7,6.9,1014.5,0
2025-06-21,Cairo,Egypt,38.5,31.5,5.1,1008.8,0
2025-06-21,São Paulo,Brazil,24.9,78.9,2.1,1019.0,0
2025-06-21,Toronto,Canada,27.6,58.4,5.0,1007.6,0
2025-06-22,New York,USA,27.1,68.4,8.9,1019.9,0
2025-06-22,London,UK,20.4,62.6,10.6,1007.2,0
2025-06-22,Tokyo,Japan,29.6,59.0,0,1009.2,0
2025-06-22,Singapore,Singapore,32.6,77.4,2.5,993.6,10.5
2025-06-22,Sydney,Australia,24.7,53.0,2.4,1025.7,0
2025-06-22,Cairo,Egypt,30.5,38.3,1.8,1011.1,0
2025-06-22,São Paulo,Brazil,22.7,72.5,0,1014.7,0
2025-06-22,Toronto,Canada,27.1,53.6,2.3,1018.3,4.0
2025-06-23,New York,USA,27.8,67.1,4.4,1012.8,0
2025-06-23,London,UK,23.6,71.3,4.1,1006.2,11.1
2025-06-23,Tokyo,Japan,27.9,59.0,2.3,997.3,0
2025-06-23,Singapore,Singapore,30.7,90.6,1.7,1008.5,0
2025-06-23,Sydney,Australia,29.1,51.1,5.9,1002.0,0
2025-06-23,Cairo,Egypt,37.0,34.6,4.8,1014.4,0
2025-06-23,São Paulo,Brazil,27.6,63.2,6.1,1017.3,0
2025-06-23,Toronto,Canada,31.8,54.4,3.9,1006.1,0
2025-06-24,New York,USA,30.9,63.8,6.5,1012.3,0
2025-06-24,London,UK,16.9,95.1,7.2,1009.3,1.9
2025-06-24,Tokyo,Japan,31.2,74.7,5.5,1011.0,7.7
2025-06-24,Singapore,Singapore,31.9,76.6,3.8,1003.2,0
2025-06-24,Sydney,Australia,27.1,44.1,8.0,1026.7,0
2025-06-24,Cairo,Egypt,35.4,35.0,3.7,1001.3,0
2025-06-24,São Paulo,Brazil,26.5,74.9,4.4,1020.7,5.1
2025-06-24,Toronto,Canada,27.1,59.9,0.7,1021.2,0.1
2025-06-25,New York,USA,28.6,62.5,3.1,1011.3,0
2025-06-25,London,UK,24.1,76.7,5.9,1015.2,0
2025-06-25,Tokyo,Japan,37.2,56.8,4.5,1023.9,0
2025-06-25,Singapore,Singapore,31.8,81.1,2.8,1003.9,0
2025-06-25,Sydney,Australia,27.1,63.5,8.4,1007.6,0
2025-06-25,Cairo,Egypt,34.6,51.8,7.4,1008.4,0
2025-06-25,São Paulo,Brazil,21.1,82.0,5.8,1020.8,0
2025-06-25,Toronto,Canada,30.5,49.5,6.3,1006.4,0
2025-06-26,New York,USA,34.9,46.7,1.9,1018.7,0
2025-06-26,London,UK,14.8,69.1,6.7,1013.2,0
2025-06-26,Tokyo,Japan,30.9,70.6,4.2,1011.9,0
2025-06-26,Singapore,Singapore,28.1,99,3.8,1010.5,0
2025-06-26,Sydney,Australia,23.9,47.7,4.7,1029.9,16.9
2025-06-26,Cairo,Egypt,34.9,37.9,5.1,1017.9,0
2025-06-26,São Paulo,Brazil,29.0,70.5,0,1007.1,12.5
2025-06-26,Toronto,Canada,34.2,52.9,6.2,1014.9,0
2025-06-27,New York,USA,33.3,51.7,4.9,1014.0,0
2025-06-27,London,UK,16.2,74.7,6.6,1006.3,12.3
2025-06-27,Tokyo,Japan,27.1,73.0,9.0,1009.9,0
2025-06-27,Singapore,Singapore,29.9,79.3,2.8,1000.3,21.3
2025-06-27,Sydney,Australia,21.6,73.9,3.6,1016.2,0
2025-06-27,Cairo,Egypt,35.8,41.4,2.2,1014.0,0
2025-06-27,São Paulo,Brazil,23.7,71.9,4.0,1001.8,4.9
2025-06-27,Toronto,Canada,24.9,67.5,6.3,1019.2,0
2025-06-28,New York,USA,35.5,70.8,3.2,1016.9,2.9
2025-06-28,London,UK,19.1,64.0,6.5,1011.7,0
2025-06-28,Tokyo,Japan,31.5,55.3,0,1009.1,0
2025-06-28,Singapore,Singapore,32.1,68.0,1.4,994.2,1.6
2025-06-28,Sydney,Australia,23.9,61.8,5.2,1018.0,0
2025-06-28,Cairo,Egypt,35.7,45.5,5.3,1001.9,0
2025-06-28,São Paulo,Brazil,26.8,79.2,2.4,1021.3,0
2025-06-28,Toronto,Canada,36.2,50.9,4.4,1010.1,5.0
2025-06-29,New York,USA,30.2,51.9,2.2,1003.4,0
2025-06-29,London,UK,18.3,59.6,9.2,1020.2,15.1
2025-06-29,Tokyo,Japan,32.1,73.0,2.9,1010.6,0
2025-06-29,Singapore,Singapore,30.5,92.7,3.8,1009.3,10.7
2025-06-29,Sydney,Australia,26.5,68.3,4.1,1018.0,2.9
2025-06-29,Cairo,Egypt,40.6,38.1,7.8,1027.4,0
2025-06-29,São Paulo,Brazil,28.0,74.2,1.2,1013.2,7.1
2025-06-29,Toronto,Canada,27.5,48.2,4.2,1028.0,0
