iso3,country,gdp_2025_billion_usd,rank
USA,United States,30500,1
CHN,China,19200,2
DEU,Germany,4700,3
JPN,Japan,4100,4
IND,India,4000,5
GBR,United Kingdom,3600,6
FRA,France,3200,7
ITA,Italy,2400,8
BRA,Brazil,2300,9
CAN,Canada,2200,10
RUS,Russia,2100,11
MEX,Mexico,2000,12
KOR,South Korea,1900,13
AUS,Australia,1850,14
ESP,Spain,1750,15
IDN,Indonesia,1650,16
TUR,Turkey,1450,17
NLD,Netherlands,1300,18
SAU,Saudi Arabia,1250,19
CHE,Switzerland,1050,20
POL,Poland,950,21
ARG,Argentina,900,22
SWE,Sweden,850,23
BEL,Belgium,800,24
THA,Thailand,780,25
IRL,Ireland,750,26
AUT,Austria,720,27
ISR,Israel,700,28
NOR,Norway,650,29
ARE,United Arab Emirates,640,30
SGP,Singapore,620,31
PHL,Philippines,600,32
VNM,Vietnam,580,33
MYS,Malaysia,550,34
DNK,Denmark,520,35
HKG,Hong Kong,500,36
EGY,Egypt,480,37
PAK,Pakistan,460,38
ZAF,South Africa,440,39
BGD,Bangladesh,420,40
CHL,Chile,400,41
ROU,Romania,390,42
CZE,Czech Republic,380,43
FIN,Finland,370,44
PRT,Portugal,360,45
NZL,New Zealand,350,46
PER,Peru,340,47
IRQ,Iraq,330,48
KAZ,Kazakhstan,320,49
QAT,Qatar,310,50
