Country,Region,Happiness,GDP,SocialSupport,LifeExpectancy,Freedom,Population
Finland,Western Europe,7.61,10.84,0.96,73.2,0.91,371.7
Denmark,Western Europe,7.65,10.94,1,70.4,0.97,1019.0
Iceland,Western Europe,7.6,10.85,0.97,71.6,0.93,289.3
Sweden,Western Europe,7.02,10.88,0.93,71.7,0.86,208.1
Israel,Western Europe,7.36,10.58,0.95,73.4,0.76,1041.0
Netherlands,Western Europe,7.34,10.89,0.9,71.5,0.95,597.8
Norway,Western Europe,7.28,11.15,0.97,71.8,0.98,27.7
Luxembourg,Western Europe,7.24,11.84,0.87,70.7,1,1126.2
Switzerland,Western Europe,7.21,11.15,0.97,72.5,0.95,512.3
Belgium,Western Europe,7.16,10.87,0.95,71.2,0.86,542.5
Ireland,Western Europe,6.74,11.6,0.98,71.7,0.92,1205.7
Germany,Western Europe,6.83,10.78,0.94,70.9,0.86,1181.1
United Kingdom,Western Europe,6.8,10.7,0.92,70.5,0.9,335.4
Austria,Western Europe,6.97,10.75,0.95,70.7,0.84,1360.8
France,Western Europe,6.62,10.69,0.92,73.4,0.84,141.3
New Zealand,North America & ANZ,6.98,10.58,0.98,70.7,0.95,312.9
Australia,North America & ANZ,6.98,10.94,0.96,71.8,0.96,1310.6
Canada,North America & ANZ,6.86,10.71,0.89,71.8,0.91,176.1
United States,North America & ANZ,6.8,10.76,0.9,68.0,0.81,817.7
United Arab Emirates,Middle East & North Africa,6.73,11.1,0.89,68.2,0.95,1321.1
Saudi Arabia,Middle East & North Africa,6.22,10.56,0.87,64.7,0.81,441.0
Bahrain,Middle East & North Africa,6.2,10.71,0.89,68.2,0.94,875.0
Libya,Middle East & North Africa,5.68,9.73,0.89,63.5,0.73,1025.8
Iraq,Middle East & North Africa,5.0,9.05,0.76,60.7,0.62,821.1
Iran,Middle East & North Africa,4.87,9.41,0.76,61.4,0.64,1053.8
Egypt,Middle East & North Africa,4.24,9.18,0.82,61.1,0.66,1082.1
Morocco,Middle East & North Africa,4.79,8.83,0.7,64.4,0.67,1128.3
Costa Rica,Latin America & Caribbean,6.98,9.92,0.9,68.8,1,1313.4
Mexico,Latin America & Caribbean,6.68,10.1,0.86,67.1,0.86,95.0
Brazil,Latin America & Caribbean,6.19,9.65,0.82,65.6,0.75,1283.0
Chile,Latin America & Caribbean,6.28,10.07,0.81,69.7,0.78,52.7
Panama,Latin America & Caribbean,6.26,10.41,0.93,67.7,0.86,987.3
Guatemala,Latin America & Caribbean,6.23,8.85,0.87,62.8,0.93,445.0
Argentina,Latin America & Caribbean,6.17,9.88,0.9,66.7,0.81,144.2
Uruguay,Latin America & Caribbean,6.34,9.84,0.94,67.7,0.91,174.6
Colombia,Latin America & Caribbean,5.78,9.37,0.85,63.2,0.84,1161.6
Paraguay,Latin America & Caribbean,5.65,9.28,0.94,63.3,0.87,892.6
Singapore,East Asia,6.59,11.13,0.94,73.2,0.95,333.6
Taiwan Province of China,East Asia,6.51,10.72,0.87,71.2,0.78,959.6
Japan,East Asia,6.32,10.68,0.97,74.0,0.82,911.8
South Korea,East Asia,5.94,10.83,0.84,72.7,0.63,1070.0
China,East Asia,5.93,9.23,0.82,66.7,0.89,726.1
Thailand,East Asia,5.97,9.19,0.97,65.6,0.86,44.0
Malaysia,East Asia,6.02,9.88,0.78,65.1,0.75,142.4
Vietnam,East Asia,5.72,8.62,0.88,63.5,0.92,1128.9
Philippines,East Asia,5.84,8.79,0.87,60.1,0.89,1120.8
Indonesia,East Asia,5.63,9.45,0.84,61.7,0.88,182.9
Mongolia,East Asia,5.84,8.81,1,60.7,0.86,1057.3
Cambodia,East Asia,4.4,8.28,0.82,58.1,1.0,151.3
India,South Asia,4.02,8.69,0.68,60.0,0.86,1153.0
Nepal,South Asia,4.78,8.05,0.71,63.2,0.89,360.8
Bangladesh,South Asia,4.41,8.36,0.59,61.6,0.76,268.0
Pakistan,South Asia,4.08,8.23,0.65,56.7,0.71,593.5
Sri Lanka,South Asia,3.87,9.05,0.89,66.9,0.82,486.8
Afghanistan,South Asia,1.6,7.23,0.37,52.3,0.49,262.5
Uzbekistan,Commonwealth of Independent States,6.05,8.48,0.93,63.4,1,1315.3
Kazakhstan,Commonwealth of Independent States,6.35,10.1,0.94,62.9,0.9,869.9
Russia,Commonwealth of Independent States,5.59,10.24,0.92,63.8,0.8,1046.6
Kyrgyzstan,Commonwealth of Independent States,5.81,8.1,0.88,63.7,0.88,1183.2
Belarus,Commonwealth of Independent States,5.51,9.57,0.91,61.4,0.77,683.8
Moldova,Commonwealth of Independent States,5.45,9.21,0.84,61.6,0.75,1397.7
Armenia,Commonwealth of Independent States,5.61,9.2,0.83,65.5,0.67,365.8
Georgia,Commonwealth of Independent States,5.4,9.46,0.75,64.1,0.79,397.2
Ukraine,Commonwealth of Independent States,5.13,9.15,0.86,62.3,0.78,894.1
Tajikistan,Commonwealth of Independent States,5.06,7.95,0.83,61.6,0.86,581.2
Czechia,Central & Eastern Europe,6.83,10.43,0.96,68.5,0.84,1030.3
Slovenia,Central & Eastern Europe,6.62,10.22,0.91,71.6,0.9,162.9
Lithuania,Central & Eastern Europe,6.77,10.66,0.95,63.6,0.86,695.5
Slovakia,Central & Eastern Europe,6.37,9.94,0.99,66.3,0.83,1144.0
Poland,Central & Eastern Europe,6.14,10.69,0.91,68.1,0.78,1212.9
Latvia,Central & Eastern Europe,6.25,10.19,0.96,65.4,0.67,1091.7
Estonia,Central & Eastern Europe,6.36,10.74,0.91,68.2,0.77,525.6
Croatia,Central & Eastern Europe,6.15,9.85,0.98,68.7,0.81,1252.5
Hungary,Central & Eastern Europe,5.95,10.22,0.95,67.1,0.72,85.1
Romania,Central & Eastern Europe,6.03,10.36,0.88,67.0,0.82,1166.4
Serbia,Central & Eastern Europe,6.13,9.88,0.92,67.3,0.79,733.1
Bulgaria,Central & Eastern Europe,5.33,9.94,0.88,66.6,0.8,753.1
Montenegro,Central & Eastern Europe,5.62,9.48,0.9,67.2,0.76,199.1
North Macedonia,Central & Eastern Europe,5.31,9.41,0.91,66.0,0.78,203.8
Bosnia and Herzegovina,Central & Eastern Europe,5.86,9.46,0.95,67.2,0.85,1013.3
Mauritius,Sub-Saharan Africa,6.0,10.26,0.92,65.7,0.84,277.6
South Africa,Sub-Saharan Africa,4.75,9.25,0.87,53.8,0.77,915.5
Nigeria,Sub-Saharan Africa,4.61,8.19,0.72,49.8,0.86,989.3
Kenya,Sub-Saharan Africa,4.33,8.25,0.81,58.1,0.85,1345.8
Ethiopia,Sub-Saharan Africa,4.23,7.24,0.8,55.1,0.82,953.2
Ghana,Sub-Saharan Africa,4.53,8.46,0.74,55.6,0.81,378.5
Cameroon,Sub-Saharan Africa,4.4,8.2,0.75,52.8,0.82,813.0
Uganda,Sub-Saharan Africa,4.65,7.68,0.83,54.9,0.83,558.9
Senegal,Sub-Saharan Africa,4.66,7.83,0.75,58.5,0.81,802.9
Madagascar,Sub-Saharan Africa,3.98,7.42,0.65,59.2,0.69,859.1
Chad,Sub-Saharan Africa,4.08,7.31,0.67,47.9,0.7,1372.7
Congo (Kinshasa),Sub-Saharan Africa,3.35,6.5,0.62,53.9,0.75,904.3
Zimbabwe,Sub-Saharan Africa,3.13,7.65,0.81,53.5,0.67,121.2
Botswana,Sub-Saharan Africa,3.54,9.49,0.77,57.9,0.83,865.2
Malawi,Sub-Saharan Africa,3.2,6.68,0.6,55.3,0.7,676.7
Lesotho,Sub-Saharan Africa,3.2,7.7,0.87,47.3,0.78,127.8
Sierra Leone,Sub-Saharan Africa,3.61,7.53,0.71,49.9,0.8,1191.4
